pdb_id,resolution
1A1M,"2,30"
1A1N,"2,00"
1A1O,"2,30"
1A6Z,"2,60"
1A9B,"3,20"
1A9E,"2,50"
1AGB,"2,20"
1AGC,"2,10"
1AGD,"2,05"
1AGE,"2,30"
1AGF,"2,20"
1AKJ,"2,65"
1AO7,"2,60"
1B0G,"2,50"
1B0R,"2,90"
1B3J,"3,00"
1BD2,"2,50"
1BII,"2,40"
1BQH,"2,80"
1BZ9,"2,80"
1C16,"3,10"
1CD1,"2,67"
1CE6,"2,90"
1CG9,"2,70"
1DDH,"3,10"
1DE4,"2,80"
1DUY,"2,15"
1DUZ,"1,80"
1E27,"2,20"
1E28,"3,00"
1ED3,"2,55"
1EEY,"2,25"
1EEZ,"2,30"
1EFX,"3,00"
1EXU,"2,70"
1FFN,"2,70"
1FFO,"2,65"
1FFP,"2,60"
1FG2,"2,75"
1FO0,"2,50"
1FRT,"4,50"
1FZJ,"1,90"
1FZK,"1,70"
1FZM,"1,80"
1FZO,"1,80"
1G6R,"2,80"
1G7P,"1,50"
1G7Q,"1,60"
1GZP,"2,80"
1GZQ,"2,26"
1HHG,"2,60"
1HHH,"3,00"
1HHI,"2,50"
1HHJ,"2,50"
1HHK,"2,50"
1HOC,"2,40"
1HSA,"2,10"
1HSB,"1,90"
1HYR,"2,70"
1I1A,"2,80"
1I1F,"2,80"
1I1Y,"2,20"
1I4F,"1,40"
1I7R,"2,20"
1I7T,"2,80"
1I7U,"1,80"
1IM3,"2,20"
1IM9,"2,80"
1INQ,"2,20"
1JE6,"2,50"
1JF1,"1,85"
1JFM,"2,85"
1JGD,"1,90"
1JGE,"2,10"
1JHT,"2,15"
1JPF,"2,18"
1JPG,"2,20"
1JUF,"2,00"
1K5N,"1,09"
1K8D,"2,30"
1KBG,"2,20"
1KCG,"2,60"
1KJ2,"2,71"
1KJ3,"2,30"
1KJM,"2,35"
1KJV,"1,48"
1KPR,"2,80"
1KPU,"1,50"
1KPV,"1,71"
1KTL,"3,10"
1L8J,"2,00"
1LD9,"2,40"
1LDP,"3,10"
1LEG,"1,75"
1LEK,"2,15"
1LK2,"1,35"
1LP9,"2,00"
1LQV,"1,60"
1M05,"1,90"
1M6O,"1,60"
1MHC,"2,10"
1MHE,"2,85"
1MI5,"2,50"
1MWA,"2,40"
1N2R,"1,70"
1N3N,"3,00"
1N59,"2,95"
1N5A,"2,85"
1NAM,"2,70"
1NAN,"2,30"
1NEZ,"2,10"
1OF2,"2,20"
1OGA,"1,40"
1OGT,"1,47"
1ONQ,"2,15"
1OSZ,"2,10"
1P1Z,"3,26"
1P4L,"2,90"
1P7Q,"3,40"
1PQZ,"2,10"
1Q94,"2,40"
1QEW,"2,20"
1QLF,"2,65"
1QO3,"2,30"
1QQD,"2,70"
1QR1,"2,40"
1QRN,"2,80"
1QSE,"2,80"
1QSF,"2,80"
1QVO,"2,22"
1R3H,"2,50"
1RJY,"1,90"
1RJZ,"2,60"
1RK0,"2,61"
1RK1,"2,10"
1S7Q,"1,99"
1S7R,"2,95"
1S7S,"1,99"
1S7T,"2,30"
1S7U,"2,20"
1S7V,"2,20"
1S7W,"2,40"
1S7X,"2,41"
1S8D,"2,20"
1S9W,"2,20"
1S9X,"2,50"
1S9Y,"2,30"
1SYS,"2,40"
1SYV,"1,70"
1T0M,"2,00"
1T0N,"1,80"
1T1W,"2,20"
1T1X,"2,20"
1T1Y,"2,00"
1T1Z,"1,90"
1T20,"2,20"
1T21,"2,19"
1T22,"2,20"
1T7V,"1,95"
1T7W,"2,70"
1T7X,"3,10"
1T7Y,"2,80"
1T7Z,"3,00"
1T80,"2,10"
1TMC,"2,30"
1TVB,"1,80"
1TVH,"1,80"
1U58,"1,90"
1UQS,"3,10"
1UXS,"1,55"
1UXW,"1,71"
1VAC,"2,50"
1VAD,"2,50"
1VGK,"2,06"
1W0V,"2,27"
1W0W,"2,11"
1W72,"2,15"
1WBX,"1,90"
1WBY,"2,30"
1WBZ,"2,00"
1X7Q,"1,45"
1XH3,"1,48"
1XR8,"2,30"
1XR9,"1,79"
1XZ0,"2,80"
1YDP,"1,90"
1YN6,"2,20"
1YN7,"2,20"
1YPZ,"3,40"
1Z5L,"2,20"
1ZAG,"2,80"
1ZHB,"2,70"
1ZHK,"1,60"
1ZHL,"1,50"
1ZHN,"2,80"
1ZS8,"3,00"
1ZSD,"1,70"
1ZT1,"2,50"
1ZT4,"3,00"
1ZT7,"3,00"
1ZVS,"2,80"
2A83,"1,40"
2AK4,"2,50"
2AKR,"1,90"
2AV1,"1,95"
2AV7,"2,05"
2AXF,"1,80"
2AXG,"2,00"
2BCK,"2,80"
2BNQ,"1,70"
2BNR,"1,90"
2BSR,"2,30"
2BSS,"2,00"
2BST,"2,10"
2BVO,"1,65"
2BVP,"1,35"
2BVQ,"2,00"
2C7U,"2,38"
2CII,"2,55"
2CIK,"1,75"
2CKB,"3,00"
2CLR,"2,00"
2CLV,"1,90"
2CLZ,"1,90"
2D31,"3,20"
2DYP,"2,50"
2E7L,"2,50"
2ESV,"2,60"
2F53,"2,10"
2F54,"2,70"
2F74,"2,70"
2FIK,"1,80"
2FO4,"2,70"
2FWO,"2,60"
2FYY,"1,50"
2FZ3,"1,90"
2GAZ,"2,61"
2GIT,"1,70"
2GJ6,"2,56"
2GT9,"1,75"
2GTW,"1,55"
2GTZ,"1,70"
2GUO,"1,90"
2H26,"1,80"
2H6P,"1,90"
2HJK,"1,85"
2HJL,"1,50"
2HLA,"2,60"
2HN7,"1,60"
2J8U,"2,88"
2JCC,"2,50"
2MHA,"2,50"
2NW3,"1,70"
2NX5,"2,70"
2NYK,"2,10"
2O5N,"2,40"
2OI9,"2,35"
2OL3,"2,90"
2P5E,"1,89"
2P5W,"2,20"
2PO6,"3,20"
2PYE,"2,30"
2Q7Y,"1,95"
2QRI,"2,00"
2QRS,"2,00"
2QRT,"1,80"
2RFX,"2,50"
2UWE,"2,40"
2V2W,"1,60"
2V2X,"1,60"
2VAA,"2,30"
2VAB,"2,50"
2VE6,"2,65"
2VLJ,"2,40"
2VLK,"2,50"
2VLL,"1,60"
2VLR,"2,30"
2WY3,"1,80"
2X4N,"2,34"
2X4O,"2,30"
2X4P,"2,30"
2X4Q,"1,90"
2X4R,"2,30"
2X4S,"2,55"
2X4T,"2,30"
2X4U,"2,10"
2X70,"2,00"
2XFX,"1,90"
2XPG,"2,60"
2YEZ,"2,90"
2YPK,"1,95"
2YPL,"2,40"
2ZOK,"2,10"
2ZOL,"2,70"
2ZSV,"1,80"
2ZSW,"2,80"
3AM8,"2,80"
3ARB,"2,70"
3ARD,"3,01"
3ARE,"2,80"
3ARF,"2,90"
3ARG,"3,00"
3AU1,"2,50"
3B3I,"1,86"
3B6S,"1,80"
3BEV,"2,10"
3BEW,"2,60"
3BGM,"1,60"
3BH8,"1,65"
3BH9,"1,70"
3BHB,"2,20"
3BO8,"1,80"
3BP4,"1,85"
3BP7,"1,80"
3BUY,"2,60"
3BVN,"2,55"
3BW9,"1,75"
3BWA,"1,30"
3BXN,"1,86"
3BZE,"2,50"
3BZF,"2,50"
3C8K,"2,90"
3C9N,"1,87"
3CC5,"1,91"
3CCH,"2,60"
3CDG,"3,40"
3CH1,"2,30"
3CII,"4,41"
3CPL,"2,50"
3CVH,"2,90"
3CZF,"1,20"
3D18,"1,74"
3D25,"1,30"
3D2U,"2,21"
3D39,"2,81"
3D3V,"2,80"
3DBX,"2,00"
3DMM,"2,60"
3DTX,"2,10"
3DX6,"1,70"
3DX7,"1,60"
3DX8,"2,10"
3DXA,"3,50"
3E2H,"3,80"
3E3Q,"2,95"
3E6F,"2,41"
3E6H,"2,10"
3ECB,"1,70"
3ERY,"1,95"
3ES6,"3,23"
3FFC,"2,80"
3FOL,"2,50"
3FOM,"2,10"
3FON,"2,03"
3FQN,"1,65"
3FQR,"1,70"
3FQT,"1,80"
3FQU,"1,80"
3FQW,"1,93"
3FQX,"1,70"
3FRU,"2,20"
3FT2,"1,80"
3FT3,"1,95"
3FT4,"1,90"
3FTG,"2,60"
3G08,"1,60"
3GIV,"2,00"
3GJF,"1,90"
3GML,"1,70"
3GMM,"1,80"
3GMN,"1,70"
3GMO,"1,60"
3GMP,"1,70"
3GMQ,"1,80"
3GMR,"1,90"
3GSN,"2,80"
3GSO,"1,60"
3GSQ,"2,12"
3GSR,"1,95"
3GSU,"1,80"
3GSV,"1,90"
3GSW,"1,81"
3GSX,"2,10"
3H7B,"1,88"
3H9H,"2,00"
3H9S,"2,70"
3HAE,"2,90"
3HCV,"1,95"
3HE6,"2,90"
3HE7,"2,80"
3HG1,"3,00"
3HLA,"2,60"
3HPJ,"2,00"
3HUJ,"2,50"
3I6G,"2,20"
3I6K,"2,80"
3I6L,"2,40"
3ILP,"1,85"
3ILQ,"2,05"
3IT8,"2,80"
3IXA,"2,10"
3JTC,"1,60"
3JTS,"2,80"
3JTT,"2,80"
3JVG,"2,20"
3KLA,"1,65"
3KPL,"1,96"
3KPM,"1,60"
3KPN,"2,00"
3KPO,"2,30"
3KPP,"1,90"
3KPQ,"1,84"
3KPR,"2,60"
3KPS,"2,70"
3KWW,"2,18"
3KXF,"3,10"
3KYN,"2,40"
3KYO,"1,70"
3L3D,"1,80"
3L3G,"2,10"
3L3H,"2,70"
3L3I,"1,70"
3L3J,"2,40"
3L3K,"2,60"
3L9R,"2,30"
3LKN,"2,00"
3LKO,"1,80"
3LKP,"1,80"
3LKQ,"1,80"
3LKR,"2,00"
3LKS,"1,90"
3LN4,"1,30"
3LN5,"1,90"
3LV3,"1,94"
3M17,"2,60"
3M1B,"3,10"
3MA7,"2,29"
3MGO,"2,30"
3MGT,"2,20"
3MR9,"1,93"
3MRB,"1,40"
3MRC,"1,80"
3MRD,"1,70"
3MRE,"1,10"
3MRF,"2,30"
3MRG,"1,30"
3MRH,"2,40"
3MRI,"2,10"
3MRJ,"1,87"
3MRK,"1,40"
3MRL,"2,41"
3MRM,"1,90"
3MRN,"2,30"
3MRO,"2,35"
3MRP,"2,10"
3MRQ,"2,20"
3MRR,"1,60"
3MV7,"2,00"
3MV8,"2,10"
3MV9,"2,70"
3MYJ,"1,89"
3NFN,"2,39"
3NWM,"2,70"
3O3A,"1,80"
3O3B,"1,90"
3O3D,"1,70"
3O3E,"1,85"
3O4L,"2,54"
3O8X,"2,74"
3O9W,"2,80"
3OV6,"2,50"
3OX8,"2,16"
3OXR,"1,70"
3OXS,"1,75"
3P4M,"2,50"
3P4N,"2,50"
3P4O,"2,30"
3P73,"1,32"
3P77,"1,60"
3P9L,"2,00"
3P9M,"2,00"
3PAB,"2,20"
3PQY,"3,19"
3PWJ,"1,70"
3PWL,"1,65"
3PWN,"1,60"
3PWP,"2,69"
3PWU,"1,90"
3PWV,"2,70"
3QDG,"2,69"
3QDJ,"2,30"
3QDM,"2,80"
3QEQ,"2,59"
3QFD,"1,68"
3QFJ,"2,29"
3QI9,"2,30"
3QQ3,"2,59"
3QQ4,"2,10"
3QUK,"2,41"
3QUL,"2,00"
3QUX,"2,91"
3QUY,"2,25"
3QUZ,"2,30"
3QZW,"2,80"
3REW,"1,90"
3RGV,"2,90"
3RL1,"2,00"
3RL2,"2,39"
3ROL,"2,60"
3ROO,"2,00"
3RTQ,"2,80"
3RUG,"2,20"
3RWC,"2,50"
3RWD,"2,60"
3RWE,"2,40"
3RWF,"2,60"
3RWG,"2,10"
3RWH,"2,60"
3RWI,"2,01"
3RWJ,"2,70"
3RZC,"2,80"
3S6C,"2,90"
3SCM,"2,50"
3SDA,"2,80"
3SDC,"3,10"
3SDD,"3,00"
3SDX,"3,12"
3SJV,"3,10"
3SKM,"1,80"
3SKO,"1,60"
3SPV,"1,30"
3T1F,"1,70"
3T8X,"1,90"
3TA3,"2,70"
3TBS,"2,49"
3TBT,"2,30"
3TBV,"2,10"
3TBW,"2,15"
3TBY,"2,50"
3TF7,"2,75"
3TFK,"2,75"
3TID,"1,65"
3TIE,"2,25"
3TJH,"2,12"
3TN0,"3,20"
3TO2,"2,60"
3TO4,"3,10"
3TPU,"3,10"
3TVM,"2,80"
3TZV,"3,06"
3U0P,"2,80"
3UBX,"3,10"
3UPR,"2,00"
3UTQ,"1,67"
3UTS,"2,71"
3UTT,"2,60"
3V5D,"2,00"
3V5H,"1,63"
3V5K,"2,31"
3VCL,"1,70"
3VFM,"1,90"
3VFN,"1,50"
3VFO,"1,70"
3VFP,"1,85"
3VFR,"1,85"
3VFS,"1,85"
3VFT,"1,95"
3VFU,"1,65"
3VFV,"1,55"
3VFW,"2,30"
3VH8,"1,80"
3VJ6,"1,90"
3VRI,"1,60"
3VRJ,"1,90"
3VWJ,"3,09"
3VWK,"2,94"
3VXM,"2,50"
3VXN,"1,95"
3VXO,"2,61"
3VXP,"2,50"
3VXR,"2,40"
3VXS,"1,80"
3VXU,"2,70"
3W0W,"2,60"
3W39,"3,10"
3WL9,"1,66"
3WLB,"2,00"
3WS3,"2,33"
3WS6,"1,98"
3WUW,"2,00"
3X11,"2,15"
3X12,"1,80"
3X13,"1,80"
3X14,"2,00"
4APQ,"3,00"
4CVX,"3,30"
4CVZ,"2,39"
4CW1,"2,58"
4D0B,"2,80"
4D0C,"2,81"
4D0D,"3,13"
4E0R,"2,26"
4E5X,"1,95"
4EI5,"3,10"
4ELM,"3,48"
4EN3,"2,57"
4EUP,"2,88"
4F7C,"2,86"
4F7E,"2,40"
4F7M,"2,40"
4F7P,"1,90"
4F7T,"1,70"
4FFE,"2,25"
4FTV,"2,74"
4G42,"2,29"
4G43,"1,80"
4G59,"2,44"
4G8G,"2,40"
4G8I,"1,60"
4G9D,"1,60"
4G9F,"1,90"
4GKN,"2,75"
4GKS,"2,35"
4GUP,"3,20"
4HKJ,"3,00"
4HS3,"2,10"
4HUU,"2,00"
4HUV,"2,50"
4HUW,"3,16"
4HUX,"2,20"
4HV8,"2,00"
4HWZ,"2,40"
4HX1,"1,80"
4I48,"2,80"
4I4W,"1,77"
4IHO,"2,80"
4IIQ,"2,86"
4IRJ,"3,00"
4IRS,"2,80"
4JFD,"2,46"
4JFE,"2,70"
4JFF,"2,43"
4JFO,"2,11"
4JFP,"1,91"
4JFQ,"1,90"
4JO8,"3,20"
4JQV,"1,50"
4JQX,"1,90"
4JRX,"2,30"
4JRY,"2,80"
4K71,"2,40"
4K7F,"2,00"
4L29,"3,09"
4L3C,"2,64"
4L3E,"2,56"
4L4T,"2,00"
4L4V,"1,90"
4L8B,"2,20"
4L8C,"2,80"
4L8D,"1,90"
4L8S,"2,90"
4L9L,"3,40"
4LCC,"3,26"
4LCW,"2,40"
4LCY,"1,60"
4LHU,"2,87"
4LNR,"2,00"
4MJ5,"2,40"
4MJ6,"2,57"
4MJI,"2,99"
4MNG,"3,01"
4MNQ,"2,74"
4MQ7,"2,60"
4MS8,"1,92"
4MVB,"3,09"
4MX7,"2,24"
4MXQ,"2,60"
4N0C,"2,90"
4N0F,"3,02"
4N0U,"3,80"
4N5E,"3,06"
4N8V,"2,50"
4NHU,"2,90"
4NNX,"2,10"
4NNY,"1,90"
4NO0,"2,70"
4NO2,"2,00"
4NO3,"1,70"
4NO5,"2,10"
4NQC,"2,50"
4NQD,"2,20"
4NQE,"2,10"
4NQV,"2,39"
4NQX,"2,00"
4NSK,"2,60"
4NT6,"1,84"
4O2C,"1,80"
4O2E,"1,98"
4O2F,"1,90"
4ONO,"2,71"
4PDC,"1,99"
4PG2,"2,80"
4PG9,"2,40"
4PGB,"2,80"
4PGC,"2,30"
4PGD,"2,70"
4PGE,"2,00"
4PJ5,"2,00"
4PJ7,"2,50"
4PJ8,"3,30"
4PJ9,"2,00"
4PJA,"2,68"
4PJB,"2,85"
4PJC,"2,50"
4PJD,"2,78"
4PJE,"1,95"
4PJF,"2,45"
4PJG,"2,40"
4PJH,"2,00"
4PJI,"2,50"
4PJX,"2,25"
4PP8,"1,95"
4PR5,"1,80"
4PRA,"1,85"
4PRB,"1,75"
4PRD,"1,75"
4PRE,"1,65"
4PRH,"2,50"
4PRI,"2,40"
4PRN,"1,65"
4PRP,"2,50"
4PV8,"2,31"
4PV9,"2,00"
4QOK,"3,00"
4QRP,"2,90"
4QRQ,"1,70"
4QRR,"3,00"
4QRS,"1,40"
4QRT,"1,40"
4QRU,"1,60"
4S0U,"2,35"
4U1H,"1,59"
4U1I,"1,92"
4U1J,"1,38"
4U1K,"2,09"
4U1L,"2,06"
4U1M,"1,18"
4U1N,"1,77"
4U1S,"1,76"
4U6X,"1,68"
4U6Y,"1,47"
4UQ2,"2,43"
4UQ3,"2,10"
4V3D,"2,65"
4V3E,"2,90"
4WDI,"2,31"
4WJ5,"1,65"
4WO4,"2,50"
4WU5,"2,40"
4WU7,"2,30"
4WUU,"3,05"
4WW2,"2,48"
4WWK,"3,10"
4X6C,"2,80"
4X6D,"2,98"
4X6E,"2,10"
4X6F,"1,91"
4XXC,"1,43"
4Y16,"2,60"
4Y2D,"3,05"
4Y4F,"3,19"
4Y4H,"3,10"
4Y4K,"2,90"
4Z76,"1,88"
4Z77,"1,85"
4Z78,"2,30"
4ZAK,"2,82"
4ZFZ,"1,76"
4ZUS,"2,60"
4ZUT,"2,60"
4ZUU,"2,20"
4ZUV,"2,30"
4ZUW,"2,60"
5ACZ,"2,69"
5AD0,"2,84"
5B38,"2,30"
5B39,"2,50"
5BJT,"3,20"
5BRZ,"2,62"
5BS0,"2,40"
5BXF,"2,85"
5C07,"2,11"
5C08,"2,33"
5C09,"2,48"
5C0A,"2,46"
5C0B,"2,03"
5C0C,"1,97"
5C0D,"1,68"
5C0E,"1,49"
5C0F,"1,46"
5C0G,"1,37"
5C0I,"1,53"
5C0J,"1,64"
5C9J,"2,40"
5D2L,"3,51"
5D2N,"2,10"
5D5M,"2,20"
5D7I,"2,00"
5D7J,"1,97"
5D7L,"3,40"
5D9S,"1,87"
5DDH,"1,50"
5DEF,"1,60"
5DEG,"1,83"
5E00,"1,70"
5E6I,"4,00"
5E8N,"2,25"
5E8O,"1,98"
5E8P,"2,00"
5E9D,"2,51"
5EFI,"1,80"
5ENW,"1,85"
5EO0,"1,70"
5EO1,"1,85"
5EOT,"2,10"
5EU3,"1,97"
5EU4,"2,12"
5EU5,"1,54"
5EU6,"2,02"
5EUO,"2,10"
5F1I,"2,90"
5F1N,"2,00"
5F7D,"2,30"
5F9J,"2,51"
5FA3,"1,86"
5FA4,"2,40"
5FDW,"2,70"
5FKP,"1,80"
5GJX,"2,06"
5GJY,"1,71"
5GR7,"2,40"
5GRD,"1,80"
5GRG,"1,94"
5GSB,"1,80"
5GSD,"2,30"
5GSR,"2,20"
5GSV,"2,00"
5GSX,"2,50"
5H5Z,"1,74"
5H94,"1,48"
5HGA,"2,20"
5HGB,"2,40"
5HGD,"2,07"
5HGH,"2,39"
5HHM,"2,50"
5HHN,"2,03"
5HHO,"2,95"
5HHP,"1,90"
5HHQ,"2,10"
5HYJ,"3,06"
5IB1,"1,91"
5IB2,"1,44"
5IB3,"1,91"
5IB4,"1,95"
5IB5,"2,49"
5IEH,"1,50"
5IEK,"1,80"
5IM7,"2,50"
5INC,"2,88"
5IND,"2,13"
5IRO,"2,64"
5ISZ,"2,06"
5IUE,"2,62"
5IVX,"2,10"
5J1A,"1,86"
5J6G,"3,30"
5J6H,"2,30"
5JHD,"2,46"
5JWD,"2,50"
5JWE,"2,40"
5JZI,"2,50"
5KD4,"3,05"
5KD7,"2,35"
5KNM,"3,30"
5L2J,"1,65"
5L2K,"3,20"
5M00,"1,95"
5M01,"1,95"
5M02,"1,75"
5MEN,"2,81"
5MEO,"1,77"
5MEP,"2,71"
5MEQ,"2,27"
5MER,"1,88"
5MZM,"2,40"
5N1Y,"1,39"
5N6B,"1,71"
5NHT,"3,20"
5NME,"2,94"
5NMF,"2,89"
5NMG,"2,75"
5NMH,"1,55"
5NMK,"1,66"
5NPZ,"1,43"
5NQ0,"1,10"
5NQ1,"2,14"
5NQ2,"1,54"
5NQ3,"1,57"
5NQK,"3,25"
5OPI,"3,30"
5OQF,"2,27"
5OQG,"1,90"
5OQH,"2,05"
5OQI,"2,40"
5SWQ,"2,00"
5SWS,"2,86"
5SWZ,"2,65"
5T6W,"1,90"
5T6X,"1,69"
5T6Y,"1,76"
5T6Z,"2,00"
5T70,"2,10"
5T7G,"1,96"
5TEZ,"1,70"
5TIL,"2,83"
5TJE,"3,20"
5TRZ,"2,25"
5TS1,"2,30"
5TW2,"1,75"
5TW5,"1,85"
5TXS,"1,70"
5U16,"2,00"
5U17,"2,15"
5U1R,"2,70"
5U2V,"2,20"
5U6Q,"1,90"
5U72,"2,50"
5U98,"2,00"
5V5L,"2,00"
5V5M,"2,88"
5VCJ,"3,16"
5VCL,"2,05"
5VGD,"2,32"
5VGE,"2,60"
5VUD,"2,00"
5VUE,"1,80"
5VUF,"1,90"
5VVP,"2,00"
5VWD,"1,80"
5VWF,"1,80"
5VWH,"1,65"
5VWJ,"2,00"
5VZ5,"2,59"
5W1V,"3,31"
5W1W,"3,10"
5W67,"2,30"
5W69,"2,80"
5W6A,"1,74"
5WER,"3,41"
5WES,"2,71"
5WET,"2,64"
5WEU,"1,58"
5WHK,"2,50"
5WJL,"3,15"
5WJN,"2,85"
5WKE,"1,69"
5WKF,"2,95"
5WKG,"2,06"
5WKH,"3,20"
5WKI,"2,75"
5WL1,"1,38"
5WLG,"2,10"
5WLI,"2,20"
5WMN,"1,82"
5WMO,"1,62"
5WMP,"1,60"
5WMQ,"1,40"
5WMR,"1,58"
5WSH,"2,00"
5WWI,"3,19"
5WWJ,"2,29"
5WWU,"2,79"
5WXC,"2,29"
5WXD,"3,29"
5XMF,"2,10"
5XMM,"2,90"
5XOS,"1,70"
5XOT,"2,79"
5XOV,"2,68"
5XS3,"2,50"
5Y91,"1,90"
5YLX,"2,20"
5YMV,"2,20"
5YMW,"2,00"
5YXN,"2,03"
5YXU,"2,70"
6A2B,"2,80"
6A6H,"2,31"
6A97,"2,15"
6AEE,"3,30"
6AM5,"2,39"
6AMT,"2,50"
6AMU,"2,15"
6APN,"2,22"
6AT5,"1,50"
6AT9,"2,95"
6AVF,"2,03"
6AVG,"2,60"
6BJ2,"3,35"
6BJ3,"1,90"
6BJ8,"1,75"
6BMH,"2,30"
6BMK,"2,43"
6BNK,"3,20"
6BNL,"2,60"
6BXP,"1,45"
6BXQ,"1,58"
6C09,"2,95"
6C15,"3,21"
6C5M,"2,45"
6C69,"1,94"
6C6A,"2,45"
6C6C,"2,08"
6C6E,"2,18"
6C6F,"1,67"
6C6H,"2,00"
6C6J,"1,79"
6C97,"2,00"
6C98,"1,85"
6C99,"2,00"
6CUG,"2,40"
6CW6,"2,85"
6CW9,"2,00"
6CWB,"2,85"
6CWE,"2,20"
6CX5,"2,40"
6CX7,"2,60"
6CX9,"2,36"
6CXA,"2,65"
6CXE,"2,05"
6CXF,"2,50"
6CYW,"1,95"
6D29,"1,88"
6D2B,"2,04"
6D2R,"1,83"
6D2T,"1,90"
6D64,"1,70"
6D78,"2,35"
6D7G,"2,75"
6DKP,"2,97"
6E1I,"1,99"
6EI2,"1,61"
6ENY,"5,80"
6EQA,"3,16"
6EQB,"2,81"
6EWA,"2,39"
6EWC,"3,20"
6EWO,"2,30"
6FGB,"2,90"
6G3J,"2,45"
6G3K,"2,90"
6G9Q,"1,89"
6G9R,"2,70"
6GB5,"2,30"
6GB6,"1,78"
6GB7,"2,15"
6GGM,"2,73"
6GH1,"2,10"
6GH4,"2,16"
6GHN,"2,54"
6GL1,"2,62"
6H6D,"2,40"
6H6H,"2,40"
6ID4,"2,40"
6IEX,"2,31"
6ILC,"2,20"
6ILE,"2,90"
6ILF,"2,70"
6ILG,"2,60"
6ILM,"3,40"
6IRL,"2,10"
6IWG,"1,80"
6IWH,"1,95"
6J1V,"2,00"
6J1W,"1,50"
6J29,"1,60"
6J2A,"1,40"
6J2D,"2,31"
6J2E,"2,10"
6J2F,"1,90"
6J2G,"2,41"
6J2H,"2,30"
6J2I,"2,30"
6J2J,"2,50"
6JOZ,"1,35"
6JP3,"1,66"
6JQ2,"2,40"
6JQ3,"2,50"
6JTN,"1,90"
6JTO,"1,70"
6JTP,"1,90"
6K60,"3,15"
6K7T,"1,60"
6KWK,"2,50"
6KWL,"1,80"
6KWN,"2,40"
6KWO,"1,80"
6KX9,"2,90"
6KYU,"1,50"
6L9K,"1,80"
6L9L,"2,40"
6L9M,"2,60"
6L9N,"2,60"
6LA6,"2,39"
6LA7,"2,82"
6LAH,"1,87"
6LAM,"1,80"
6LB2,"1,69"
6LBE,"2,60"
6LF8,"2,50"
6LF9,"2,50"
6LHF,"2,70"
6LHG,"2,80"
6LHH,"2,71"
6LT6,"2,15"
6LUP,"2,30"
6M24,"2,29"
6M2J,"2,20"
6M2K,"2,59"
6MIV,"2,05"
6MIY,"2,75"
6MJ4,"2,00"
6MJ6,"2,45"
6MJA,"2,35"
6MJI,"2,30"
6MJJ,"1,93"
6MJQ,"3,00"
6MP0,"2,00"
6MP1,"2,21"
6MPP,
6MSS,"3,00"
6MT3,"1,21"
6MT4,"1,55"
6MT5,"1,55"
6MT6,"1,31"
6MTL,"1,35"
6MTM,"3,00"
6MWR,"3,30"
6NCA,"3,30"
6NF7,"2,90"
6NHA,"2,38"
6NPR,"2,37"
6NUX,"2,20"
6O4Y,"1,58"
6O4Z,"1,50"
6O51,"1,55"
6O53,"1,40"
6O9B,"2,20"
6O9C,"2,45"
6OJP,"2,17"
6OMG,"2,10"
6OOR,"2,45"
6OPD,"1,79"
6P23,"1,59"
6P27,"1,59"
6P2C,"1,40"
6P2F,"1,48"
6P2S,"1,65"
6P64,"3,05"
6PA1,"3,01"
6PAG,"2,50"
6PBH,"1,89"
6PTB,"2,15"
6PTE,"1,90"
6PUC,"1,85"
6PUD,"1,80"
6PUE,"1,90"
6PUF,"1,92"
6PUG,"1,80"
6PUH,"1,88"
6PUI,"1,96"
6PUJ,"1,92"
6PUK,"2,08"
6PUL,"1,84"
6PUM,"1,96"
6PVC,"1,96"
6PVD,"2,14"
6PYJ,"1,44"
6PYL,"1,52"
6PYV,"1,45"
6PYW,"1,38"
6PZ5,"1,53"
6Q3K,"1,50"
6Q3S,"2,50"
6QIO,"1,95"
6QIP,"2,45"
6R2L,"2,30"
6R2U,"2,49"
6RP9,"3,12"
6RPA,"2,56"
6RPB,"2,50"
6RSY,"2,95"
6SNY,"3,11"
6SS7,"2,50"
6SS8,"2,24"
6SS9,"2,70"
6SSA,"2,11"
6TDO,"1,65"
6TDP,"1,40"
6TDQ,"1,60"
6TDR,"1,75"
6TDS,"1,70"
6TMO,"2,10"
6TRN,"1,35"
6TRO,"3,00"
6UJ7,"1,90"
6UJ8,"2,25"
6UJ9,"2,90"
6UJO,"2,25"
6UJQ,"2,55"
6UK2,"3,14"
6UK4,"2,70"
6ULI,"1,88"
6ULK,"1,90"
6ULN,"2,01"
6ULR,"3,20"
6UON,"3,50"
6UZ1,"3,14"
6UZM,"1,80"
6UZN,"2,22"
6UZO,"2,35"
6UZP,"2,08"
6UZQ,"2,40"
6UZS,"1,90"
6V2O,"1,27"
6V2P,"1,30"
6V2Q,"1,60"
6V3J,"1,98"
6V7Y,"2,40"
6V7Z,"2,75"
6V80,"3,53"
6VB0,"1,90"
6VB1,"1,75"
6VB2,"1,41"
6VB3,"2,00"
6VB4,"2,33"
6VB5,"2,15"
6VB6,"2,15"
6VB7,"2,10"
6VIU,"2,33"
6VM7,"2,41"
6VM8,"2,41"
6VM9,"2,90"
6VMA,"2,75"
6VMC,"2,85"
6VMX,"3,10"
6VPZ,"2,10"
6VQ2,"2,25"
6VQD,"1,88"
6VQE,"1,77"
6VQO,"3,00"
6VQY,"2,57"
6VQZ,"2,25"
6VR1,"2,37"
6VR5,"2,38"
6VRM,"2,61"
6VRN,"2,46"
6W51,"3,53"
6W9U,"1,89"
6W9V,"1,95"
6WL2,"3,30"
6WL3,"3,45"
6WL4,"3,60"
6WNA,"2,40"
6WOL,"2,49"
6WZY,"1,50"
6X00,"1,55"
6XNG,"2,79"
6XQA,"2,16"
6XQP,"2,90"
6Y26,"1,20"
6Y27,"1,38"
6Y28,"1,69"
6Y29,"1,28"
6Y2A,"1,25"
6Y2B,"1,37"
6Z9V,"2,01"
6Z9W,"2,70"
6Z9X,"2,68"
6ZKW,"2,26"
6ZKX,"2,17"
6ZKY,"2,65"
6ZKZ,"2,30"
7ALO,"1,80"
7B5F,"2,90"
7BBG,"2,64"
7BH8,"1,80"
7BYD,"2,80"
7C9V,"3,30"
7CIQ,"1,59"
7CIR,"1,81"
7CIS,"2,10"
7CJQ,"2,70"
7CPO,"2,50"
7DC6,"2,68"
7DUU,"2,51"
7DYN,"2,00"
7DZM,"2,25"
7DZN,"2,63"
7EDO,"2,70"
7EJL,"1,89"
7EJM,"1,71"
7EJN,"2,11"
7EM9,"1,90"
7EMA,"1,80"
7EMB,"1,97"
7EMC,"1,90"
7EMD,"1,70"
7EU2,"2,80"
7F4W,"2,90"
7FI5,"2,39"
7FI6,"2,90"
7FI7,"2,78"
7FI8,"2,80"
7FI9,"2,16"
7JI2,"1,95"
7JWI,"3,02"
7JWJ,"3,25"
7JYU,"2,75"
7JYV,"1,51"
7JYW,"2,90"
7JYX,"2,95"
7K80,"2,40"
7K81,"2,00"
7KGO,"2,15"
7KGP,"1,40"
7KGQ,"1,34"
7KGR,"1,55"
7KGS,"1,58"
7KGT,"1,90"
7KOZ,"2,25"
7KP0,"2,40"
7KP1,"2,02"
7L1B,"2,04"
7L1C,"1,96"
7L1D,"3,11"
7LFI,"1,70"
7LFJ,"1,70"
7LFK,"1,60"
7LFL,"1,60"
7LFM,"1,60"
7LFZ,"1,90"
7LG0,"2,30"
7LG2,"2,40"
7LG3,"2,30"
7LGD,"2,88"
7LGT,"1,97"
7LLI,"3,20"
7LLJ,"3,15"
7M72,"2,40"
7M8S,"2,35"
7M8T,"1,50"
7M8U,"1,45"
7MJ6,"1,95"
7MJ7,"1,60"
7MJ8,"1,79"
7MJ9,"1,75"
7MJA,"1,69"
7MKB,"1,90"
7MLE,"2,20"
7MX4,"1,73"
7MXF,"2,00"
7MXH,"2,11"
7N1A,"2,06"
7N1B,"2,81"
7N1E,"2,30"
7N1F,"2,39"
7N2N,"2,60"
7N2O,"2,30"
7N2P,"2,50"
7N2Q,"2,70"
7N2R,"2,28"
7N2S,"2,37"
7N4K,"1,85"
7N5C,"1,87"
7N5P,"2,09"
7N5Q,"1,76"
7N6D,"2,30"
7N6E,"3,20"
7N9J,"1,74"
7NA5,"2,50"
7NDQ,"2,55"
7NDT,"3,00"
7NDU,"2,90"
7NMD,"2,25"
7NME,"2,20"
7NMF,"2,98"
7NMG,"2,48"
7NUI,"2,00"
7OKS,"1,95"
7OKT,"1,95"
7OKU,"1,95"
7OKV,"1,85"
7OW3,"2,46"
7OW4,"1,81"
7OW5,"2,58"
7OW6,"2,64"
7P0A,"2,43"
7P0T,"2,60"
7P3D,"1,67"
7P3E,"2,00"
7P49,"2,05"
7P4B,"1,72"
7PB2,"3,41"
7PBC,"2,04"
7PBE,"3,00"
7PDW,"1,82"
7PHR,"3,08"
7Q15,"3,30"
7Q5D,"1,80"
7Q98,"2,50"
7Q99,"2,55"
7Q9A,"2,10"
7Q9B,"3,24"
7QNG,"2,70"
7QPD,"3,73"
7QPJ,"1,54"
7R7V,"1,60"
7R7W,"1,17"
7R7X,"2,10"
7R7Y,"1,60"
7R80,"2,90"
7RE7,"2,55"
7RE8,"2,82"
7RK7,"2,54"
7RM4,"3,33"
7RNO,
7RRG,"2,12"
7RTD,"2,05"
7RTR,"2,60"
7RYM,"3,20"
7RYN,"2,70"
7RYO,"3,00"
7RZD,"1,82"
7RZJ,"1,80"
7S79,"1,53"
7S7D,"1,56"
7S7E,"2,04"
7S7F,"1,88"
7S8A,"2,10"
7S8E,"1,60"
7S8F,"1,80"
7S8Q,"2,08"
7S8R,"2,95"
7S8S,"1,87"
7SA2,"1,85"
7SH4,"2,00"
7SIF,"1,73"
7SIG,"1,74"
7SIH,"1,90"
7SIS,"1,90"
7SQP,"2,53"
7SR0,"2,54"
7SR3,"2,49"
7SR4,"2,59"
7SR5,"2,35"
7SRK,"2,50"
7SSH,"2,73"
7ST3,"2,78"
7STF,"3,14"
7STG,"2,70"
7SU9,"1,99"
7T0L,"3,00"
7T5M,"1,67"
7TLT,"2,30"
7TR4,"2,30"
7TUC,"1,25"
7TUD,"1,45"
7TUE,"3,10"
7U1R,"1,80"
7U21,"1,90"
7UC5,"1,95"
7UFJ,"2,50"
7UM2,"1,63"
7UMG,"2,40"
7UR1,"2,17"
7WBG,"2,00"
7WBI,"1,80"
7WCY,"2,36"
7WJ2,"1,28"
7WJ3,"1,56"
7WKJ,"1,50"
7WT3,"1,89"
7WT4,"1,89"
7WT5,"2,10"
7WZZ,"1,30"
7X00,"1,45"
7X1B,"1,40"
7X1C,"1,41"
7XF3,"1,91"
7XQS,"2,69"
7XQT,"2,80"
7XQU,"2,60"
7XXA,"3,09"
7YG3,"1,50"
7ZQI,"2,15"
7ZQJ,"2,25"
7ZT2,"2,40"
7ZT3,"2,40"
7ZT4,"2,02"
7ZT5,"2,09"
7ZT7,"1,84"
7ZT8,"2,29"
7ZT9,"2,13"
7ZUC,"1,89"
8BP6,"2,80"
8C44,"3,20"
8CX4,"2,20"
8D5E,"2,46"
8D5F,"2,31"
8D5J,"1,95"
8D5K,"2,07"
8D5N,"1,80"
8D5Q,"2,50"
8DNT,"3,18"
8DV3,"1,90"
8DV4,"2,40"
8DVG,"2,59"
8E13,"1,37"
8E2Z,"1,13"
8E8I,"1,49"
8EB2,"2,90"
8EC5,"1,22"
8EK5,"2,11"
8ELG,"1,65"
8ELH,"1,85"
8EMF,"1,80"
8EMG,"1,83"
8EMI,"1,57"
8EMJ,"1,75"
8EMK,"1,67"
8EN8,"2,70"
8ENH,"2,50"
8EO8,"2,30"
8ERX,"2,07"
8ES8,"2,65"
8ES9,"3,25"
8ESA,"3,40"
8ESB,"3,12"
8ESH,"2,72"
8F5A,"1,95"
8F7M,"1,88"
8FHL,"2,19"
8FHU,"1,80"
8FJA,"3,00"
8FJB,"3,06"
8FRT,"1,80"
8FU4,"1,60"
8GLE,"1,85"
8GLF,"2,00"
8GLG,"1,60"
8GLH,"1,83"
8GLI,"2,10"
8GM8,"2,83"
8GOM,"2,78"
8GON,"2,60"
8GQV,"2,40"
8GQW,"2,48"
8GVB,"3,20"
8GVG,"3,37"
8GVI,"3,30"
8HN4,"2,85"
8HSM,"2,20"
8HSO,"2,10"
8HSW,"2,03"
8HT1,"2,40"
8HT9,"2,20"
8I5C,"3,34"
8I5D,"3,30"
8I5E,"2,20"
8ISN,"2,48"
8J4G,"2,49"
8JHW,"3,12"
8JQT,"1,99"
8JV0,"2,20"
8KB0,"2,48"
8KB1,"2,46"
8KCV,"2,39"
8P43,"2,43"
8QFY,"2,33"
8RBU,"2,70"
8RBV,"1,80"
8RCV,"1,65"
8REF,"1,90"
8RH6,"3,32"
8RHQ,"2,00"
8RJ5,"3,02"
8RJH,"2,60"
8RJI,"2,30"
8RLT,"2,25"
8RLU,"2,35"
8RLV,"2,61"
8RNE,"1,71"
8RNF,"1,87"
8RNG,"1,45"
8RNH,"1,60"
8ROO,"1,40"
8ROP,"1,15"
8RRO,"3,50"
8RYM,"2,34"
8RYN,"1,97"
8RYO,"2,05"
8RYP,"1,81"
8RYQ,"2,49"
8SBK,"1,80"
8SBL,"3,00"
8SGB,"2,80"
8SGM,"2,50"
8SHI,"2,90"
8SOS,"2,33"
8T4Z,"2,69"
8T6M,"3,14"
8T7R,"3,84"
8TBV,"2,64"
8TBW,"2,08"
8TLZ,"2,75"
8TM0,"3,83"
8TM2,"2,85"
8TMU,"2,90"
8TNJ,"3,10"
8TQ7,"2,80"
8TQ8,"2,69"
8TQ9,"2,90"
8TQA,"2,60"
8TUB,"2,40"
8TUH,"2,20"
8U9G,"2,87"
8UDR,"3,10"
8UMO,"2,60"
8V4Z,"2,40"
8V50,"2,65"
8V51,"2,10"
8VCL,"2,40"
8VJZ,"1,90"
8VR9,"3,06"
8VRA,"3,12"
8VRB,"3,25"
8VZ8,"3,45"
8VZ9,"3,40"
8W6L,"2,03"
8WO9,"1,55"
8WTE,"2,17"
8WUL,"2,36"
8XES,"1,78"
8XFZ,"2,32"
8XG2,"1,84"
8XKC,"2,18"
8XKE,"1,92"
8Y6X,"3,40"
8Y74,"1,90"
8YE4,"3,20"
8YIV,"2,10"
8YJ2,"2,26"
8ZOX,"3,18"
8ZV9,"2,60"
9ASF,"1,77"
9ASG,"2,03"
9BL2,"2,10"
9BL3,"2,00"
9BL4,"1,75"
9BL5,"2,00"
9BL6,"2,40"
9BL9,"2,60"
9BLA,"3,00"
9BTX,"2,05"
9BTY,"2,85"
9BTZ,"3,00"
9BU0,"2,89"
9C3E,"3,50"
9C6V,"1,70"
9C6W,"1,70"
9C6X,"1,70"
9CGR,"2,40"
9CGS,"2,00"
9DL1,"2,30"
