pdb,chain,tstart,tend,status,type
8rlv-assembly1,A,1,179,primary,pdb
3x11-assembly1,A,1,180,primary,pdb
1qse-assembly1,A,1,180,primary,pdb
3bzf-assembly1,A,1,179,primary,pdb
7p49-assembly1,A,1,179,primary,pdb
1bd2-assembly1,A,1,180,primary,pdb
7lfz-assembly1,A,1,180,primary,pdb
5jzi-assembly1,A,1,180,primary,pdb
7ndt-assembly1,AAA,1,177,primary,pdb
7bh8-assembly1,A,1,179,primary,pdb
3x12-assembly1,A,1,179,primary,pdb
6j1w-assembly1,A,1,180,primary,pdb
7ejl-assembly1,A,1,180,primary,pdb
3vxu-assembly1,A,1,180,primary,pdb
7tud-assembly1,A,1,180,primary,pdb
1p7q-assembly1,A,1,180,primary,pdb
5eo1-assembly1,A,1,179,primary,pdb
6p27-assembly1,A,1,179,primary,pdb
3gsn-assembly1,H,1,180,primary,pdb
1t22-assembly1,A,1,180,primary,pdb
2d31-assembly1,A,1,180,primary,pdb
1t1y-assembly1,A,1,180,primary,pdb
3fqu-assembly1,A,1,180,primary,pdb
7ow6-assembly1,A,1,180,primary,pdb
7um2-assembly1,A,1,180,primary,pdb
8zv9-assembly1,A,5,183,primary,pdb
5vvp-assembly1,A,1,180,primary,pdb
6zkw-assembly1,A,1,178,primary,pdb
7lg0-assembly1,A,1,180,primary,pdb
1hhk-assembly1,A,1,180,primary,pdb
5xov-assembly1,A,1,180,primary,pdb
1t1z-assembly1,A,1,180,primary,pdb
7zuc-assembly1,A,1,180,primary,pdb
7sis-assembly1,A,1,180,primary,pdb
5txs-assembly1,A,1,180,primary,pdb
5vwd-assembly1,A,1,180,primary,pdb
6z9w-assembly1,A,1,180,primary,pdb
5wwu-assembly1,A,1,180,primary,pdb
8ye4-assembly1,A,1,180,primary,pdb
7nme-assembly1,A,1,180,primary,pdb
3vxs-assembly1,A,1,180,primary,pdb
5vwf-assembly1,A,1,180,primary,pdb
6p23-assembly1,A,1,179,primary,pdb
4f7p-assembly1,A,1,180,primary,pdb
5hhq-assembly1,A,1,180,primary,pdb
7bbg-assembly1,A,1,180,primary,pdb
7rtd-assembly1,A,1,180,primary,pdb
2esv-assembly1,A,1,179,primary,pdb
4no0-assembly1,A,1,180,primary,pdb
5hgb-assembly1,A,1,180,primary,pdb
7nmd-assembly1,A,1,180,primary,pdb
1a9e-assembly1,A,1,180,primary,pdb
7n6e-assembly1,A,1,180,primary,pdb
7u1r-assembly1,A,1,180,primary,pdb
7p4b-assembly1,A,1,179,primary,pdb
7jyx-assembly1,A,1,180,primary,pdb
1q94-assembly1,A,1,180,primary,pdb
2f54-assembly1,A,1,180,primary,pdb
4qok-assembly1,A,1,180,primary,pdb
5xot-assembly1,A,1,180,primary,pdb
1t21-assembly1,A,1,180,primary,pdb
3rl2-assembly1,A,1,180,primary,pdb
7tr4-assembly1,A,1,180,primary,pdb
6mtm-assembly1,A,1,178,primary,pdb
7mja-assembly1,A,1,180,primary,pdb
3gsw-assembly1,A,1,180,primary,pdb
1akj-assembly1,A,1,180,primary,pdb
1qsf-assembly1,A,1,180,primary,pdb
5w6a-assembly1,A,1,179,primary,pdb
3fqt-assembly1,A,1,180,primary,pdb
4f7m-assembly1,A,1,180,primary,pdb
1hhh-assembly1,A,1,180,primary,pdb
1t1x-assembly1,A,1,180,primary,pdb
8qfy-assembly1,AAA,1,179,primary,pdb
7ndq-assembly1,AAA,1,179,primary,pdb
6w51-assembly1,A,1,180,primary,pdb
8en8-assembly1,A,1,180,primary,pdb
6j2a-assembly1,A,1,180,primary,pdb
7s8s-assembly1,A,1,180,primary,pdb
5wjl-assembly1,A,1,180,primary,pdb
7s7e-assembly1,A,1,179,primary,pdb
6uz1-assembly1,A,1,180,primary,pdb
7wj2-assembly1,A,1,180,primary,pdb
3d3v-assembly1,A,1,180,primary,pdb
7f4w-assembly1,A,6,185,primary,pdb
3i6l-assembly1,D,1,180,primary,pdb
1xr9-assembly1,A,1,180,primary,pdb
2xpg-assembly1,A,1,180,primary,pdb
3pwp-assembly1,A,1,180,primary,pdb
6j1v-assembly1,A,1,180,primary,pdb
3kxf-assembly1,A,1,180,primary,pdb
1i4f-assembly1,A,1,180,primary,pdb
8ryo-assembly1,A,1,180,primary,pdb
6mt3-assembly1,A,1,180,primary,pdb
3v5k-assembly1,A,1,180,primary,pdb
6uk2-assembly1,A,1,180,primary,pdb
7kgo-assembly1,A,1,180,primary,pdb
7rtr-assembly1,A,1,180,primary,pdb
3wlb-assembly1,A,1,180,primary,pdb
8rbv-assembly1,A,2,181,primary,pdb
6uj7-assembly1,A,1,179,primary,pdb
6ghn-assembly1,A,1,179,primary,pdb
1t1w-assembly1,A,1,180,primary,pdb
7jyu-assembly1,A,1,180,primary,pdb
8xkc-assembly1,A,1,180,primary,pdb
6vm8-assembly1,A,1,180,primary,pdb
6zkz-assembly1,A,1,178,primary,pdb
4qrr-assembly1,A,1,180,primary,pdb
3vxp-assembly1,A,1,180,primary,pdb
5wsh-assembly1,A,1,180,primary,pdb
5wwj-assembly1,A,1,180,primary,pdb
5vz5-assembly1,A,1,180,primary,pdb
7nui-assembly1,A,1,180,primary,pdb
5hhn-assembly1,A,1,180,primary,pdb
1s8d-assembly1,A,1,180,primary,pdb
7rk7-assembly1,A,1,180,primary,pdb
4jfp-assembly1,A,1,180,primary,pdb
6zky-assembly1,A,1,178,primary,pdb
8i5d-assembly1,H,1,180,primary,pdb
1duy-assembly1,A,1,180,primary,pdb
3utt-assembly1,A,1,180,primary,pdb
7pbe-assembly1,A,1,180,primary,pdb
3h9s-assembly1,A,1,180,primary,pdb
4o2f-assembly1,A,1,180,primary,pdb
1a9b-assembly1,A,1,180,primary,pdb
6zkx-assembly1,A,1,177,primary,pdb
1ydp-assembly1,A,1,179,primary,pdb
7ejm-assembly1,A,1,180,primary,pdb
3v5d-assembly1,A,1,180,primary,pdb
3qfj-assembly1,A,1,180,primary,pdb
2nx5-assembly1,A,1,180,primary,pdb
6uli-assembly1,A,1,179,primary,pdb
7lg2-assembly1,A,1,180,primary,pdb
1cg9-assembly1,A,1,180,primary,pdb
6ggm-assembly1,A,1,179,primary,pdb
5enw-assembly1,A,1,180,primary,pdb
7s8q-assembly1,A,1,180,primary,pdb
3wl9-assembly1,A,1,180,primary,pdb
1s9y-assembly1,A,1,180,primary,pdb
2clr-assembly1,A,1,180,primary,pdb
5iue-assembly1,A,1,179,primary,pdb
3mgt-assembly1,A,1,180,primary,pdb
5f9j-assembly1,A,1,180,primary,pdb
3ox8-assembly1,A,1,180,primary,pdb
1e27-assembly1,A,1,180,primary,pdb
3ft2-assembly1,A,1,180,primary,pdb
3fqw-assembly1,A,1,180,primary,pdb
1t20-assembly1,A,1,180,primary,pdb
3c9n-assembly1,A,1,180,primary,pdb
4wu5-assembly1,A,1,180,primary,pdb
2bvp-assembly1,A,1,180,primary,pdb
4nqv-assembly1,A,1,180,primary,pdb
7kgs-assembly1,A,1,180,primary,pdb
6aee-assembly1,A,1,179,primary,pdb
6jp3-assembly1,A,1,180,primary,pdb
5hga-assembly1,A,1,180,primary,pdb
1hhg-assembly1,A,1,180,primary,pdb
4jff-assembly1,A,1,180,primary,pdb
7n2r-assembly1,A,1,180,primary,pdb
8elg-assembly1,A,1,180,primary,pdb
5nmk-assembly1,A,1,180,primary,pdb
1mhe-assembly1,A,1,178,primary,pdb
6gh4-assembly1,A,1,179,primary,pdb
8rym-assembly1,A,1,180,primary,pdb
5d9s-assembly1,A,1,180,primary,pdb
7lg3-assembly1,A,1,180,primary,pdb
6mpp-assembly1,A,1,179,primary,pdb
3vxn-assembly1,A,1,180,primary,pdb
8rlt-assembly1,A,1,179,primary,pdb
8enh-assembly1,A,1,179,primary,pdb
7n1b-assembly1,A,1,180,primary,pdb
8rh6-assembly1,A,1,180,primary,pdb
7sa2-assembly1,A,1,180,primary,pdb
5im7-assembly1,A,1,180,primary,pdb
8rng-assembly1,A,1,180,primary,pdb
6d2b-assembly1,A,1,180,primary,pdb
7s8f-assembly1,A,1,180,primary,pdb
7kgp-assembly1,A,1,180,primary,pdb
1eey-assembly1,A,1,180,primary,pdb
2x4n-assembly1,A,1,180,primary,pdb
7n1e-assembly1,A,1,180,primary,pdb
5w1v-assembly1,A,1,178,primary,pdb
8rop-assembly1,A,1,180,primary,pdb
8rhq-assembly1,A,1,177,primary,pdb
7s79-assembly1,A,1,180,primary,pdb
6p2s-assembly1,A,1,179,primary,pdb
4f7t-assembly1,A,1,180,primary,pdb
5jhd-assembly1,A,1,180,primary,pdb
7wt4-assembly1,A,2,181,primary,pdb
1qvo-assembly1,A,1,180,primary,pdb
1qew-assembly1,A,1,180,primary,pdb
4o2c-assembly1,A,1,180,primary,pdb
2f53-assembly1,A,1,180,primary,pdb
7s7f-assembly1,A,1,179,primary,pdb
7kgq-assembly1,A,1,180,primary,pdb
3o3b-assembly1,A,1,180,primary,pdb
1s9x-assembly1,A,1,180,primary,pdb
2uwe-assembly1,A,1,180,primary,pdb
5hgd-assembly1,A,1,180,primary,pdb
6vb1-assembly1,A,1,180,primary,pdb
1lp9-assembly1,A,1,180,primary,pdb
8ryq-assembly1,A,1,180,primary,pdb
6tdq-assembly1,A,1,180,primary,pdb
7rzd-assembly1,A,1,180,primary,pdb
3rew-assembly1,A,1,180,primary,pdb
5isz-assembly1,A,1,180,primary,pdb
7wkj-assembly1,A,1,180,primary,pdb
6avf-assembly1,H,1,180,primary,pdb
5wjn-assembly1,A,1,180,primary,pdb
8ryp-assembly1,A,1,180,primary,pdb
8xfz-assembly1,A,1,180,primary,pdb
6gl1-assembly1,A,1,179,primary,pdb
6uzq-assembly1,A,1,180,primary,pdb
1qrn-assembly1,A,1,180,primary,pdb
6mt4-assembly1,A,1,180,primary,pdb
5eu3-assembly1,A,1,180,primary,pdb
5fdw-assembly1,A,1,180,primary,pdb
8e13-assembly1,A,1,179,primary,pdb
6tdr-assembly1,A,1,180,primary,pdb
6uzs-assembly1,A,1,180,primary,pdb
3fqx-assembly1,A,1,180,primary,pdb
6vm9-assembly1,A,1,180,primary,pdb
3ft4-assembly1,A,1,180,primary,pdb
6am5-assembly1,A,1,180,primary,pdb
8ryn-assembly1,A,1,180,primary,pdb
8roo-assembly1,A,1,180,primary,pdb
6pag-assembly1,A,1,179,primary,pdb
4no5-assembly1,A,1,180,primary,pdb
5hyj-assembly1,A,1,180,primary,pdb
5w69-assembly1,A,1,179,primary,pdb
6id4-assembly1,A,1,180,primary,pdb
7mkb-assembly1,A,1,180,primary,pdb
8eb2-assembly1,A,1,180,primary,pdb
7nmf-assembly1,A,1,180,primary,pdb
8dvg-assembly1,A,1,180,primary,pdb
8gon-assembly1,A,1,180,primary,pdb
7ow4-assembly1,A,1,180,primary,pdb
7p3d-assembly1,A,1,180,primary,pdb
7p3e-assembly1,A,1,180,primary,pdb
6joz-assembly1,A,1,180,primary,pdb
1hsb-assembly1,A,1,180,primary,pdb
3mgo-assembly1,A,1,180,primary,pdb
8rlu-assembly1,A,1,179,primary,pdb
6gh1-assembly1,C,1,179,primary,pdb
5v5l-assembly1,A,1,180,primary,pdb
4n8v-assembly1,A,1,180,primary,pdb
3h9h-assembly1,A,1,180,primary,pdb
6amt-assembly1,A,1,180,primary,pdb
1i7t-assembly1,A,1,180,primary,pdb
1hhi-assembly1,A,1,180,primary,pdb
7s8e-assembly1,A,1,180,primary,pdb
4jfe-assembly1,A,1,180,primary,pdb
7pb2-assembly1,A,1,179,primary,pdb
3nfn-assembly1,A,1,180,primary,pdb
5hgh-assembly1,A,1,180,primary,pdb
5t6y-assembly1,A,1,180,primary,pdb
5vue-assembly1,A,1,180,primary,pdb
7mj7-assembly1,A,1,180,primary,pdb
8i5c-assembly1,A,1,180,primary,pdb
7s7d-assembly1,A,1,180,primary,pdb
5wkf-assembly1,A,1,180,primary,pdb
4nqx-assembly1,A,1,180,primary,pdb
6j29-assembly1,A,1,180,primary,pdb
4prn-assembly1,A,1,180,primary,pdb
5hhm-assembly1,A,1,180,primary,pdb
3oxr-assembly1,A,1,180,primary,pdb
7mj9-assembly1,A,1,180,primary,pdb
6jtp-assembly1,A,1,179,primary,pdb
5vuf-assembly1,A,1,180,primary,pdb
5t6x-assembly1,A,1,180,primary,pdb
5c07-assembly1,A,1,180,primary,pdb
3gjf-assembly1,A,1,180,primary,pdb
7lgd-assembly1,A,1,180,primary,pdb
5brz-assembly1,A,1,180,primary,pdb
5c0c-assembly1,A,1,180,primary,pdb
8isn-assembly1,A,1,180,primary,pdb
3vfn-assembly1,A,1,180,primary,pdb
7kgt-assembly1,A,1,180,primary,pdb
3o4l-assembly1,A,1,180,primary,pdb
5w1w-assembly1,A,1,178,primary,pdb
2x70-assembly1,A,1,180,primary,pdb
6z9x-assembly1,A,1,180,primary,pdb
2bvo-assembly1,A,1,180,primary,pdb
3gso-assembly1,A,1,180,primary,pdb
6p64-assembly1,A,1,180,primary,pdb
6p2c-assembly1,A,1,179,primary,pdb
4xxc-assembly1,A,1,180,primary,pdb
7s8a-assembly1,A,1,179,primary,pdb
9bl6-assembly1,A,1,180,primary,pdb
6ssa-assembly1,A,1,180,primary,pdb
8tbw-assembly1,A,1,180,primary,pdb
3vfp-assembly1,A,1,180,primary,pdb
7ow5-assembly1,A,1,179,primary,pdb
2vll-assembly1,A,1,180,primary,pdb
7jyv-assembly1,A,1,180,primary,pdb
3mrb-assembly1,A,1,180,primary,pdb
5swq-assembly1,A,1,180,primary,pdb
8rbu-assembly1,A,1,180,primary,pdb
3pwl-assembly1,A,1,180,primary,pdb
3x13-assembly1,A,1,179,primary,pdb
2x4s-assembly1,A,1,180,primary,pdb
4g8g-assembly1,A,1,180,primary,pdb
3ixa-assembly1,A,1,180,primary,pdb
7pbc-assembly1,CCC,1,179,primary,pdb
6rp9-assembly1,A,1,180,primary,pdb
7wj3-assembly1,A,1,179,primary,pdb
7t5m-assembly1,A,1,180,primary,pdb
3vfu-assembly1,A,1,180,primary,pdb
6q3s-assembly1,A,1,180,primary,pdb
1a1n-assembly1,A,1,180,primary,pdb
5hho-assembly1,A,1,180,primary,pdb
4jqv-assembly1,A,1,180,primary,pdb
6uj8-assembly1,A,1,179,primary,pdb
8f5a-assembly1,A,1,180,primary,pdb
3ln4-assembly1,A,1,179,primary,pdb
4mnq-assembly1,A,1,180,primary,pdb
7r7x-assembly1,A,1,180,primary,pdb
6vb2-assembly1,A,1,180,primary,pdb
8xg2-assembly1,A,1,180,primary,pdb
6r2l-assembly1,A,1,180,primary,pdb
8sbk-assembly1,A,1,180,primary,pdb
4wuu-assembly1,A,1,180,primary,pdb
5e00-assembly1,A,1,180,primary,pdb
5fa4-assembly1,A,1,179,primary,pdb
8e8i-assembly1,A,1,179,primary,pdb
6mt6-assembly1,A,1,180,primary,pdb
3mrq-assembly1,A,1,180,primary,pdb
8tuh-assembly1,A,1,179,primary,pdb
1w72-assembly1,A,1,180,primary,pdb
6g3j-assembly1,A,1,180,primary,pdb
8shi-assembly1,A,1,179,primary,pdb
6o4z-assembly1,A,1,180,primary,pdb
2vlk-assembly1,A,1,180,primary,pdb
2p5e-assembly1,A,1,180,primary,pdb
4o2e-assembly1,A,1,180,primary,pdb
7lgt-assembly1,A,1,180,primary,pdb
6o4y-assembly1,A,1,180,primary,pdb
3pwn-assembly1,A,1,180,primary,pdb
4lcy-assembly1,A,1,180,primary,pdb
6pte-assembly1,A,1,180,primary,pdb
5c08-assembly1,A,1,180,primary,pdb
5e9d-assembly1,A,1,180,primary,pdb
5hhp-assembly1,A,1,180,primary,pdb
2gj6-assembly1,A,1,180,primary,pdb
3mrm-assembly1,A,1,180,primary,pdb
6rsy-assembly1,A,1,180,primary,pdb
6tro-assembly1,A,1,179,primary,pdb
8xes-assembly1,A,1,180,primary,pdb
4pra-assembly1,A,1,180,primary,pdb
8fu4-assembly1,A,1,180,primary,pdb
6bxp-assembly1,A,1,180,primary,pdb
3hpj-assembly1,A,1,180,primary,pdb
2dyp-assembly1,A,1,179,primary,pdb
3o3e-assembly1,A,1,180,primary,pdb
3v5h-assembly1,A,1,180,primary,pdb
5wkh-assembly1,A,1,180,primary,pdb
3sjv-assembly1,A,1,179,primary,pdb
3bxn-assembly1,A,1,180,primary,pdb
6o9c-assembly1,A,2,180,primary,pdb
3bh8-assembly1,A,1,180,primary,pdb
8i5e-assembly1,H,1,180,primary,pdb
3vrj-assembly1,A,1,179,primary,pdb
5wmp-assembly1,A,1,179,primary,pdb
1i1f-assembly1,A,1,180,primary,pdb
6trn-assembly1,A,1,180,primary,pdb
3vfv-assembly1,A,1,180,primary,pdb
8tbv-assembly1,A,1,180,primary,pdb
6ss9-assembly1,A,1,180,primary,pdb
8u9g-assembly1,A,1,180,primary,pdb
5men-assembly1,A,1,180,primary,pdb
5wmn-assembly1,A,1,179,primary,pdb
7wt5-assembly1,A,2,181,primary,pdb
3d39-assembly1,A,1,180,primary,pdb
7l1c-assembly1,A,1,180,primary,pdb
5iro-assembly1,A,1,180,primary,pdb
6v2p-assembly1,A,1,180,primary,pdb
1s9w-assembly1,A,1,180,primary,pdb
5n6b-assembly1,A,1,180,primary,pdb
6vma-assembly1,A,1,180,primary,pdb
7wzz-assembly1,A,1,180,primary,pdb
3ln5-assembly1,A,1,179,primary,pdb
3gsx-assembly1,A,1,180,primary,pdb
8eo8-assembly1,A,1,179,primary,pdb
5v5m-assembly1,A,1,180,primary,pdb
8emg-assembly1,A,1,180,primary,pdb
7rm4-assembly1,A,1,180,primary,pdb
7rrg-assembly1,A,1,180,primary,pdb
2av1-assembly1,A,1,180,primary,pdb
7dzn-assembly1,A,1,179,primary,pdb
4u6y-assembly1,A,1,180,primary,pdb
7srk-assembly1,A,107,286,primary,pdb
5c0b-assembly1,A,1,180,primary,pdb
8erx-assembly1,A,1,180,primary,pdb
8es9-assembly1,N,1,180,primary,pdb
6vb0-assembly1,A,1,180,primary,pdb
8e2z-assembly1,A,1,173,primary,pdb
4u1i-assembly1,A,2,180,primary,pdb
2guo-assembly1,A,1,180,primary,pdb
3l3k-assembly1,A,1,180,primary,pdb
3uts-assembly1,A,1,180,primary,pdb
9bl5-assembly1,A,1,180,primary,pdb
4uq3-assembly1,A,1,180,primary,pdb
5wxc-assembly1,A,1,180,primary,pdb
5t6w-assembly1,A,1,180,primary,pdb
6jtn-assembly1,A,1,179,primary,pdb
1oga-assembly1,A,1,180,primary,pdb
6d2t-assembly1,A,1,180,primary,pdb
6pbh-assembly1,A,1,180,primary,pdb
5ieh-assembly1,A,1,180,primary,pdb
1b0g-assembly1,A,1,180,primary,pdb
7rzj-assembly1,A,1,180,primary,pdb
6mtl-assembly1,A,1,180,primary,pdb
3mr9-assembly1,A,1,180,primary,pdb
1b0r-assembly1,A,1,180,primary,pdb
3gsq-assembly1,A,1,180,primary,pdb
2gtw-assembly1,A,1,180,primary,pdb
3mrc-assembly1,A,1,180,primary,pdb
3hcv-assembly1,A,1,180,primary,pdb
6ewc-assembly1,A,1,180,primary,pdb
1agf-assembly1,A,1,179,primary,pdb
4jrx-assembly1,A,1,180,primary,pdb
8es8-assembly1,N,1,180,primary,pdb
3i6g-assembly1,A,1,180,primary,pdb
4l29-assembly1,A,1,180,primary,pdb
6bj2-assembly1,A,1,180,primary,pdb
7wt3-assembly1,A,2,181,primary,pdb
4i4w-assembly1,A,1,180,primary,pdb
7ndu-assembly1,AAA,1,178,primary,pdb
5eu4-assembly1,A,1,180,primary,pdb
6vb7-assembly1,A,1,180,primary,pdb
3kpo-assembly1,A,1,180,primary,pdb
3pwj-assembly1,A,1,180,primary,pdb
7n6d-assembly1,A,1,180,primary,pdb
4e5x-assembly1,A,1,180,primary,pdb
5c09-assembly1,A,1,180,primary,pdb
1agd-assembly1,A,1,179,primary,pdb
7kgr-assembly1,A,1,180,primary,pdb
1ao7-assembly1,A,1,180,primary,pdb
7sih-assembly1,A,1,180,primary,pdb
3gsr-assembly1,A,1,180,primary,pdb
3h7b-assembly1,A,1,180,primary,pdb
7q98-assembly1,A,1,180,primary,pdb
1tvh-assembly1,A,1,180,primary,pdb
3gsu-assembly1,A,1,180,primary,pdb
3bze-assembly1,A,1,178,primary,pdb
7ejn-assembly1,A,1,180,primary,pdb
8rji-assembly1,A,1,180,primary,pdb
3mrj-assembly1,A,1,180,primary,pdb
2j8u-assembly1,A,1,180,primary,pdb
4ftv-assembly1,A,1,180,primary,pdb
3hae-assembly1,A,1,180,primary,pdb
6uzn-assembly1,A,1,180,primary,pdb
1qr1-assembly1,A,1,180,primary,pdb
6v3j-assembly1,A,1,180,primary,pdb
5nmf-assembly1,A,1,180,primary,pdb
7q9a-assembly1,A,1,180,primary,pdb
7jyw-assembly1,A,1,178,primary,pdb
2av7-assembly1,A,1,180,primary,pdb
6pyv-assembly1,A,1,180,primary,pdb
7n1f-assembly1,A,1,180,primary,pdb
6vm7-assembly1,A,1,180,primary,pdb
8emk-assembly1,A,1,180,primary,pdb
6d2r-assembly1,A,1,180,primary,pdb
7u21-assembly1,A,1,180,primary,pdb
6tdp-assembly1,A,1,180,primary,pdb
5ddh-assembly1,A,1,180,primary,pdb
7m8t-assembly1,A,1,180,primary,pdb
3vfs-assembly1,A,1,180,primary,pdb
3vri-assembly1,A,1,179,primary,pdb
6z9v-assembly1,A,1,180,primary,pdb
4u1l-assembly1,A,2,180,primary,pdb
7nmg-assembly1,A,1,180,primary,pdb
2bck-assembly1,A,1,180,primary,pdb
2rfx-assembly1,A,1,180,primary,pdb
6uj9-assembly1,A,2,180,primary,pdb
8ek5-assembly1,A,1,180,primary,pdb
2bnr-assembly1,A,1,180,primary,pdb
1age-assembly1,A,1,179,primary,pdb
7qpj-assembly1,C,1,180,primary,pdb
5euo-assembly1,A,1,180,primary,pdb
3ft3-assembly1,A,1,180,primary,pdb
3mrh-assembly1,A,1,180,primary,pdb
7q9b-assembly1,AAA,1,180,primary,pdb
5n1y-assembly1,A,2,181,primary,pdb
6ujo-assembly1,A,1,180,primary,pdb
4gks-assembly1,A,1,180,primary,pdb
6vb6-assembly1,A,1,180,primary,pdb
3l3j-assembly1,A,1,180,primary,pdb
7sr5-assembly1,A,110,289,primary,pdb
5eot-assembly1,A,1,179,primary,pdb
7sif-assembly1,A,1,180,primary,pdb
5mep-assembly1,A,1,180,primary,pdb
4qrs-assembly1,A,1,179,primary,pdb
6iex-assembly1,A,1,179,primary,pdb
3kyn-assembly1,A,3,180,primary,pdb
4hwz-assembly1,A,1,180,primary,pdb
7mj8-assembly1,A,1,180,primary,pdb
3bhb-assembly1,A,1,180,primary,pdb
8rnh-assembly1,A,1,180,primary,pdb
6ss7-assembly1,D,1,180,primary,pdb
6p2f-assembly1,A,1,179,primary,pdb
5fa3-assembly1,A,1,179,primary,pdb
3kpp-assembly1,A,1,180,primary,pdb
8udr-assembly1,A,1,180,primary,pdb
4mji-assembly1,A,1,180,primary,pdb
7n2o-assembly1,A,1,180,primary,pdb
1i7u-assembly1,A,1,180,primary,pdb
8sbl-assembly1,A,1,180,primary,pdb
3lko-assembly1,A,1,180,primary,pdb
3rl1-assembly1,A,1,180,primary,pdb
3hg1-assembly1,A,1,180,primary,pdb
4nny-assembly1,A,1,180,primary,pdb
3vxm-assembly1,A,1,180,primary,pdb
1i7r-assembly1,A,1,180,primary,pdb
5c0e-assembly1,A,2,181,primary,pdb
6uzp-assembly1,A,1,180,primary,pdb
5w67-assembly1,A,1,179,primary,pdb
7su9-assembly1,A,1,179,primary,pdb
6vb5-assembly1,A,1,180,primary,pdb
4jry-assembly1,A,1,180,primary,pdb
2hjl-assembly1,A,1,180,primary,pdb
3lkn-assembly1,A,1,180,primary,pdb
2jcc-assembly1,A,1,180,primary,pdb
6ulk-assembly1,A,1,179,primary,pdb
3mrg-assembly1,A,1,180,primary,pdb
7mj6-assembly1,A,1,180,primary,pdb
3mv9-assembly1,A,1,180,primary,pdb
6xqa-assembly1,A,1,180,primary,pdb
8tub-assembly1,F,1,179,primary,pdb
5c0f-assembly1,A,2,181,primary,pdb
3mrp-assembly1,A,1,180,primary,pdb
4u6x-assembly1,A,1,180,primary,pdb
3mro-assembly1,A,1,180,primary,pdb
5wmo-assembly1,A,1,179,primary,pdb
5c0d-assembly1,A,1,180,primary,pdb
3gsv-assembly1,A,1,180,primary,pdb
3utq-assembly1,A,1,180,primary,pdb
1jf1-assembly1,A,1,180,primary,pdb
2bnq-assembly1,A,1,180,primary,pdb
3qfd-assembly1,A,1,180,primary,pdb
3bh9-assembly1,A,1,180,primary,pdb
6vmx-assembly1,A,1,179,primary,pdb
4mj6-assembly1,A,1,180,primary,pdb
6uzo-assembly1,A,1,180,primary,pdb
1n2r-assembly1,A,1,180,primary,pdb
7q99-assembly1,A,1,180,primary,pdb
8emj-assembly1,A,1,180,primary,pdb
5tez-assembly1,A,1,180,primary,pdb
3fqn-assembly1,A,1,180,primary,pdb
7sr0-assembly1,A,110,289,primary,pdb
3vfr-assembly1,A,1,180,primary,pdb
7n2s-assembly1,A,1,180,primary,pdb
2hn7-assembly1,A,1,180,primary,pdb
3oxs-assembly1,A,1,180,primary,pdb
3o3a-assembly1,A,1,180,primary,pdb
6opd-assembly1,A,1,180,primary,pdb
6amu-assembly1,A,1,179,primary,pdb
6ewo-assembly1,A,1,180,primary,pdb
4i48-assembly1,A,1,180,primary,pdb
5ind-assembly1,A,1,180,primary,pdb
3kla-assembly1,A,1,180,primary,pdb
3bwa-assembly1,A,1,180,primary,pdb
6bxq-assembly1,B,1,180,primary,pdb
6o9b-assembly1,A,2,180,primary,pdb
4wj5-assembly1,A,1,180,primary,pdb
7sr3-assembly1,A,114,293,primary,pdb
4qrp-assembly1,A,1,179,primary,pdb
5eu6-assembly1,A,1,180,primary,pdb
5inc-assembly1,A,1,180,primary,pdb
9bl2-assembly1,A,1,180,primary,pdb
7x1c-assembly1,A,1,180,primary,pdb
3mrk-assembly1,A,1,180,primary,pdb
8esh-assembly1,A,1,177,primary,pdb
5vwj-assembly1,A,1,180,primary,pdb
4pr5-assembly1,A,1,180,primary,pdb
1x7q-assembly1,A,1,180,primary,pdb
3lkp-assembly1,A,1,180,primary,pdb
6ss8-assembly1,A,1,180,primary,pdb
3vxo-assembly1,A,1,180,primary,pdb
8rne-assembly1,A,1,179,primary,pdb
6vb4-assembly1,A,1,180,primary,pdb
6viu-assembly1,A,1,180,primary,pdb
3mre-assembly1,A,1,180,primary,pdb
9dl1-assembly1,F,1,180,primary,pdb
2axg-assembly1,A,1,180,primary,pdb
3qzw-assembly1,A,1,180,primary,pdb
6at5-assembly1,A,1,179,primary,pdb
3to2-assembly1,A,1,180,primary,pdb
1mi5-assembly1,A,1,179,primary,pdb
3fqr-assembly1,A,1,180,primary,pdb
7yg3-assembly1,A,1,180,primary,pdb
8xke-assembly1,A,1,180,primary,pdb
3kpq-assembly1,A,1,180,primary,pdb
6vqz-assembly1,A,1,180,primary,pdb
7sr4-assembly1,A,112,291,primary,pdb
6mt5-assembly1,A,1,180,primary,pdb
3kyo-assembly1,A,1,179,primary,pdb
1k5n-assembly1,A,1,180,primary,pdb
4jfd-assembly1,A,1,180,primary,pdb
7mle-assembly1,A,1,180,primary,pdb
7n2p-assembly1,A,1,180,primary,pdb
6eqa-assembly1,A,1,180,primary,pdb
3mrf-assembly1,A,1,180,primary,pdb
8emf-assembly1,A,1,180,primary,pdb
3dx6-assembly1,A,1,180,primary,pdb
3mrr-assembly1,A,1,180,primary,pdb
3vxr-assembly1,A,1,180,primary,pdb
3myj-assembly1,A,1,180,primary,pdb
3mrd-assembly1,A,1,180,primary,pdb
5meo-assembly1,A,1,180,primary,pdb
7xf3-assembly1,A,1,180,primary,pdb
5vud-assembly1,A,1,180,primary,pdb
5t6z-assembly1,A,1,180,primary,pdb
1agb-assembly1,A,1,179,primary,pdb
7n1a-assembly1,A,1,180,primary,pdb
6o51-assembly1,A,1,180,primary,pdb
3am8-assembly1,A,1,179,primary,pdb
5eu5-assembly1,A,1,180,primary,pdb
6bj3-assembly1,A,1,179,primary,pdb
5nmh-assembly1,A,1,180,primary,pdb
2fz3-assembly1,A,1,180,primary,pdb
6vqy-assembly1,A,1,180,primary,pdb
6tdo-assembly1,A,1,180,primary,pdb
2v2x-assembly1,A,1,180,primary,pdb
6rpb-assembly1,A,1,180,primary,pdb
5eo0-assembly1,A,1,179,primary,pdb
3qdm-assembly1,A,1,180,primary,pdb
8rnf-assembly1,A,1,179,primary,pdb
4l3e-assembly1,A,1,180,primary,pdb
3mrn-assembly1,A,1,180,primary,pdb
4hx1-assembly1,A,1,180,primary,pdb
6jto-assembly1,A,1,179,primary,pdb
4nt6-assembly1,A,3,180,primary,pdb
3giv-assembly1,A,1,180,primary,pdb
4wu7-assembly1,A,1,180,primary,pdb
6vmc-assembly1,A,1,180,primary,pdb
8elh-assembly1,A,1,180,primary,pdb
1agc-assembly1,A,1,179,primary,pdb
6avg-assembly1,G,1,179,primary,pdb
3d25-assembly1,A,1,180,primary,pdb
3spv-assembly1,A,1,179,primary,pdb
4u1m-assembly1,A,1,179,primary,pdb
4pri-assembly1,A,1,180,primary,pdb
5c0j-assembly1,A,2,181,primary,pdb
1duz-assembly1,A,1,180,primary,pdb
1a1o-assembly1,A,1,180,primary,pdb
6v2q-assembly1,A,1,180,primary,pdb
7ow3-assembly1,A,1,179,primary,pdb
7tuc-assembly1,A,1,180,primary,pdb
5c0a-assembly1,A,1,180,primary,pdb
8v51-assembly1,A,1,180,primary,pdb
8rjh-assembly1,A,1,180,primary,pdb
1tvb-assembly1,A,1,180,primary,pdb
2git-assembly1,A,1,180,primary,pdb
5f7d-assembly1,A,1,179,primary,pdb
5yxn-assembly1,C,1,180,primary,pdb
7tlt-assembly1,A,1,180,primary,pdb
3vfw-assembly1,A,1,180,primary,pdb
6d7g-assembly1,A-2,111,290,primary,pdb
8frt-assembly1,A,115,294,primary,pdb
3mri-assembly1,A,1,180,primary,pdb
2gt9-assembly1,A,1,180,primary,pdb
6uln-assembly1,A,1,179,primary,pdb
5bs0-assembly1,A,1,180,primary,pdb
6pyj-assembly1,A,1,180,primary,pdb
1im3-assembly1,A,1,180,primary,pdb
3i6k-assembly1,A,1,180,primary,pdb
2h6p-assembly1,A,1,180,primary,pdb
3vft-assembly1,A,1,180,primary,pdb
7r7v-assembly1,A,1,180,primary,pdb
8fja-assembly1,A,1,180,primary,pdb
7m8u-assembly1,A,1,180,primary,pdb
4prp-assembly1,A,1,180,primary,pdb
7m8s-assembly1,A,1,180,primary,pdb
3sko-assembly1,A,1,176,primary,pdb
3dx7-assembly1,A,1,180,primary,pdb
1xh3-assembly1,A,1,180,primary,pdb
3x14-assembly1,A,1,179,primary,pdb
3bw9-assembly1,A,1,180,primary,pdb
5knm-assembly1,A,1,180,primary,pdb
7sig-assembly1,A,1,180,primary,pdb
5c0g-assembly1,A,1,180,primary,pdb
2ypl-assembly1,A,1,180,primary,pdb
5u98-assembly1,A,1,179,primary,pdb
2v2w-assembly1,A,1,180,primary,pdb
5nqk-assembly1,H,1,180,primary,pdb
6ptb-assembly1,A,1,180,primary,pdb
2gtz-assembly1,A,1,180,primary,pdb
5wxd-assembly1,A,1,180,primary,pdb
4nnx-assembly1,A,1,180,primary,pdb
9bla-assembly1,A,1,180,primary,pdb
8emi-assembly1,A,1,180,primary,pdb
5wwi-assembly1,A,1,180,primary,pdb
7x00-assembly1,A,1,180,primary,pdb
5nht-assembly1,H,1,180,primary,pdb
7ur1-assembly1,A,1,180,primary,pdb
3l3g-assembly1,A,1,180,primary,pdb
3bgm-assembly1,A,1,180,primary,pdb
4no2-assembly1,A,1,180,primary,pdb
6uk4-assembly1,A,1,180,primary,pdb
7l1b-assembly1,A,1,180,primary,pdb
4u1n-assembly1,A,2,180,primary,pdb
1sys-assembly1,A,1,180,primary,pdb
1eez-assembly1,A,1,180,primary,pdb
5c0i-assembly1,A,2,181,primary,pdb
7n2n-assembly1,A,1,180,primary,pdb
3w39-assembly1,A,2,181,primary,pdb
2x4p-assembly1,A,1,180,primary,pdb
7s8r-assembly1,A,1,180,primary,pdb
4prb-assembly1,A,1,180,primary,pdb
7stg-assembly1,A,101,280,primary,pdb
1syv-assembly1,A,1,180,primary,pdb
3w0w-assembly1,A,1,180,primary,pdb
7dzm-assembly1,A,3,180,primary,pdb
4prh-assembly1,A,1,179,primary,pdb
3kpl-assembly1,A,1,180,primary,pdb
6ulr-assembly1,A,1,178,primary,pdb
6o53-assembly1,A,1,179,primary,pdb
6ujq-assembly1,A,1,180,primary,pdb
3bvn-assembly1,A,1,180,primary,pdb
6vrm-assembly1,A,1,179,primary,pdb
2fyy-assembly1,A,1,180,primary,pdb
6tds-assembly1,A,1,180,primary,pdb
1jht-assembly1,A,1,180,primary,pdb
5vwh-assembly1,A,1,180,primary,pdb
2vlj-assembly1,A,1,180,primary,pdb
1e28-assembly1,A,1,180,primary,pdb
7uc5-assembly1,A,1,180,primary,pdb
5yxu-assembly1,E,1,180,primary,pdb
2x4q-assembly1,D,1,180,primary,pdb
4no3-assembly1,A,1,180,primary,pdb
3cdg-assembly1,A,2,179,primary,pdb
8wul-assembly1,L,1,180,primary,pdb
3d18-assembly1,A,1,180,primary,pdb
4uq2-assembly1,C,1,180,primary,pdb
1zhk-assembly1,A,1,180,primary,pdb
8vcl-assembly1,A,1,180,primary,pdb
6d29-assembly1,A,1,180,primary,pdb
4u1j-assembly1,A,2,180,primary,pdb
7l1d-assembly1,A-2,1,180,primary,pdb
8cx4-assembly1,A,1,180,primary,pdb
4u1s-assembly1,A,2,180,primary,pdb
3lkq-assembly1,A,1,180,primary,pdb
6rpa-assembly1,A,1,180,primary,pdb
8gom-assembly1,A,1,180,primary,pdb
5nme-assembly1,A,1,180,primary,pdb
6vr5-assembly1,A,1,180,primary,pdb
3kpm-assembly1,A,1,180,primary,pdb
7tue-assembly1,A,1,180,primary,pdb
3ffc-assembly1,A,1,179,primary,pdb
7pdw-assembly1,CCC,1,179,primary,pdb
4mj5-assembly1,A,1,180,primary,pdb
6at9-assembly1,A,1,180,primary,pdb
1xr8-assembly1,A,1,180,primary,pdb
4jfq-assembly1,A,1,180,primary,pdb
7re8-assembly1,A,1,180,primary,pdb
3dtx-assembly1,A-2,1,180,primary,pdb
5t70-assembly1,A,1,180,primary,pdb
7r7w-assembly1,A,1,180,primary,pdb
6vq2-assembly1,A,1,180,primary,pdb
6dkp-assembly1,A,1,180,primary,pdb
9asf-assembly1,A,1,180,primary,pdb
2x4t-assembly1,D,1,180,primary,pdb
7k81-assembly1,A-2,1,180,primary,pdb
5iek-assembly1,A,1,180,primary,pdb
3dx8-assembly1,A,1,180,primary,pdb
5gsd-assembly1,A,1,180,primary,pdb
6vqo-assembly1,A,1,179,primary,pdb
6v2o-assembly1,A,1,180,primary,pdb
6pz5-assembly1,A,1,180,primary,pdb
5meq-assembly1,A,1,180,primary,pdb
4lnr-assembly1,A,1,180,primary,pdb
4jfo-assembly1,A,1,180,primary,pdb
6k60-assembly1,A,1,174,primary,pdb
4pre-assembly1,A,1,180,primary,pdb
8ref-assembly1,A,1,180,primary,pdb
6uzm-assembly1,A,1,180,primary,pdb
3lks-assembly1,A,1,180,primary,pdb
6bj8-assembly1,A,1,178,primary,pdb
3mrl-assembly1,A,1,180,primary,pdb
1zsd-assembly1,A,1,180,primary,pdb
4qrq-assembly1,A,1,172,primary,pdb
3mv7-assembly1,A,1,180,primary,pdb
1jgd-assembly1,A,1,180,primary,pdb
6tmo-assembly1,A,1,180,primary,pdb
7r80-assembly1,C,1,180,primary,pdb
7k80-assembly1,A,1,180,primary,pdb
6q3k-assembly1,A,2,181,primary,pdb
1zhl-assembly1,A,1,180,primary,pdb
2ypk-assembly1,A,1,180,primary,pdb
3vcl-assembly1,A,1,179,primary,pdb
7r7y-assembly1,A,1,180,primary,pdb
8f7m-assembly1,A,1,180,primary,pdb
8dnt-assembly1,E,1,180,primary,pdb
1w0w-assembly1,A,1,180,primary,pdb
7phr-assembly1,H,1,180,primary,pdb
5vgd-assembly1,A,1,179,primary,pdb
8wte-assembly1,H,1,180,primary,pdb
7stf-assembly1,A,1,179,primary,pdb
7eu2-assembly1,A,5,184,primary,pdb
9asg-assembly1,A,1,180,primary,pdb
6vr1-assembly1,A,1,180,primary,pdb
1m6o-assembly1,A,1,180,primary,pdb
9bl3-assembly1,A,1,180,primary,pdb
6ewa-assembly1,A,1,180,primary,pdb
5xos-assembly1,A,1,180,primary,pdb
6pyl-assembly1,A,1,180,primary,pdb
6y26-assembly1,A,1,180,primary,pdb
7st3-assembly1,A,105,284,primary,pdb
5def-assembly1,A,1,180,primary,pdb
2ak4-assembly1,A,1,180,primary,pdb
1i1y-assembly1,A,1,180,primary,pdb
5wmq-assembly1,A,1,179,primary,pdb
6nca-assembly1,I,1,180,primary,pdb
4u1h-assembly1,A,2,180,primary,pdb
3vh8-assembly1,A,1,180,primary,pdb
1w0v-assembly1,A,1,180,primary,pdb
5grg-assembly1,A,1,180,primary,pdb
2hjk-assembly1,A,1,180,primary,pdb
3vfo-assembly1,A,1,180,primary,pdb
7ssh-assembly1,A,110,289,primary,pdb
3l3i-assembly1,A,1,180,primary,pdb
6pa1-assembly1,A,1,179,primary,pdb
3hla-assembly1,A,1,180,primary,pdb
2x4o-assembly1,D,1,180,primary,pdb
9c6x-assembly1,A,117,296,primary,pdb
1hhj-assembly1,A,1,180,primary,pdb
7alo-assembly1,A,1,180,primary,pdb
5b38-assembly1,A,1,180,primary,pdb
7sqp-assembly1,A,113,292,primary,pdb
6eny-assembly1,F,1,178,primary,pdb
2pye-assembly1,A,1,180,primary,pdb
3kps-assembly1,A,1,180,primary,pdb
3lkr-assembly1,A,1,180,primary,pdb
6vqe-assembly1,A,1,180,primary,pdb
3b3i-assembly1,A,1,180,primary,pdb
5grd-assembly1,A,1,180,primary,pdb
6g3k-assembly1,A,1,180,primary,pdb
2x4r-assembly1,D,1,180,primary,pdb
8gvb-assembly1,H,1,179,primary,pdb
8vjz-assembly1,A,1,180,primary,pdb
4prd-assembly1,A,1,180,primary,pdb
4l3c-assembly1,A,1,180,primary,pdb
6d78-assembly1,A,1,180,primary,pdb
8v4z-assembly1,A,1,179,primary,pdb
6vrn-assembly1,A,1,180,primary,pdb
8tnj-assembly1,A,110,287,primary,pdb
5nmg-assembly1,A,1,180,primary,pdb
9bl9-assembly1,A,1,179,primary,pdb
4qru-assembly1,A,1,179,primary,pdb
3kpr-assembly1,A,1,180,primary,pdb
2cik-assembly1,A,1,180,primary,pdb
4k7f-assembly1,A,1,179,primary,pdb
7t0l-assembly1,A,1,180,primary,pdb
3kww-assembly1,A,1,180,primary,pdb
2bvq-assembly1,A,1,180,primary,pdb
3vfm-assembly1,A,1,180,primary,pdb
2bss-assembly1,A,1,180,primary,pdb
3l3d-assembly1,A,1,180,primary,pdb
2nw3-assembly1,A,1,180,primary,pdb
7x1b-assembly1,A,1,180,primary,pdb
3qdg-assembly1,A,1,180,primary,pdb
4jqx-assembly1,A,1,180,primary,pdb
5mer-assembly1,A,1,180,primary,pdb
3dxa-assembly1,A,1,180,primary,pdb
2bst-assembly1,A,1,180,primary,pdb
4qrt-assembly1,A,1,179,primary,pdb
9bl4-assembly1,A,1,180,primary,pdb
8rj5-assembly1,A,1,180,primary,pdb
6vb3-assembly1,A,2,181,primary,pdb
8fjb-assembly1,A,1,180,primary,pdb
5d2l-assembly1,A,1,179,primary,pdb
6eqb-assembly1,A,1,180,primary,pdb
6pyw-assembly1,A,1,180,primary,pdb
3qeq-assembly1,A,1,180,primary,pdb
7cir-assembly1,A,1,180,primary,pdb
5ib5-assembly1,A,1,180,primary,pdb
2p5w-assembly1,A,1,180,primary,pdb
3mv8-assembly1,A,1,180,primary,pdb
3wuw-assembly1,A,1,180,primary,pdb
5b39-assembly1,A,1,180,primary,pdb
3upr-assembly1,A,1,179,primary,pdb
3o3d-assembly1,A,1,180,primary,pdb
8gvg-assembly1,H,1,180,primary,pdb
2c7u-assembly1,A,1,180,primary,pdb
4gkn-assembly1,A,1,180,primary,pdb
1ktl-assembly1,A,1,179,primary,pdb
6y2b-assembly1,A,1,180,primary,pdb
2x4u-assembly1,D,1,180,primary,pdb
3skm-assembly1,A,1,173,primary,pdb
8rcv-assembly1,A,1,180,primary,pdb
6y29-assembly1,A,1,180,primary,pdb
4eup-assembly1,D,1,180,primary,pdb
3lv3-assembly1,A,1,180,primary,pdb
2axf-assembly1,A,1,180,primary,pdb
3bp7-assembly1,A,1,180,primary,pdb
3kpn-assembly1,A,1,180,primary,pdb
1tmc-assembly1,A,1,174,primary,pdb
3qdj-assembly1,A,1,180,primary,pdb
5wmr-assembly1,A,1,170,primary,pdb
7re7-assembly1,D,1,180,primary,pdb
5deg-assembly1,A,1,180,primary,pdb
5ib1-assembly1,A,1,180,primary,pdb
4g9d-assembly1,A,1,180,primary,pdb
8vra-assembly1,A,1,178,primary,pdb
2vlr-assembly1,A,1,180,primary,pdb
3bp4-assembly1,A,1,180,primary,pdb
6vqd-assembly1,A,1,180,primary,pdb
8hn4-assembly1,A,2,179,primary,pdb
1m05-assembly1,A,1,172,primary,pdb
7dyn-assembly1,A,1,180,primary,pdb
6y28-assembly1,A,1,180,primary,pdb
7cis-assembly1,A,1,180,primary,pdb
1kpr-assembly1,A,1,179,primary,pdb
4g9f-assembly1,A,1,180,primary,pdb
5d2n-assembly1,H,2,179,primary,pdb
1a1m-assembly1,A,1,180,primary,pdb
3bo8-assembly1,A,1,180,primary,pdb
9c6w-assembly1,A,113,292,primary,pdb
6ei2-assembly1,A,1,180,primary,pdb
6y27-assembly1,A,1,180,primary,pdb
4g8i-assembly1,A,1,180,primary,pdb
8esb-assembly1,A,1,180,primary,pdb
8rro-assembly1,C,1,180,primary,pdb
6vpz-assembly1,A,1,180,primary,pdb
6apn-assembly1,A,113,292,primary,pdb
1uxw-assembly1,A,1,180,primary,pdb
8yiv-assembly1,A,1,180,primary,pdb
9c6v-assembly1,A,116,295,primary,pdb
3czf-assembly1,A,1,180,primary,pdb
1hsa-assembly1,A,1,180,primary,pdb
5ib4-assembly1,A,1,180,primary,pdb
2a83-assembly1,A,1,180,primary,pdb
2bsr-assembly1,A,1,180,primary,pdb
8t7r-assembly1,i,1,180,primary,pdb
1of2-assembly1,A,1,180,primary,pdb
8vr9-assembly1,A,1,180,primary,pdb
8t6m-assembly1,E,1,180,primary,pdb
7ciq-assembly1,A,1,180,primary,pdb
5vge-assembly1,A,1,179,primary,pdb
6uon-assembly1,D,1,179,primary,pdb
8yj2-assembly1,A,1,180,primary,pdb
5ib2-assembly1,A,1,180,primary,pdb
3b6s-assembly1,A,1,180,primary,pdb
1ogt-assembly1,A,1,180,primary,pdb
7n2q-assembly1,A,1,180,primary,pdb
6y2a-assembly1,A,1,180,primary,pdb
8v50-assembly1,A,1,179,primary,pdb
8gvi-assembly1,H,1,180,primary,pdb
3cii-assembly1,A,1,179,primary,pdb
7qpd-assembly1,M,1,178,primary,pdb
4u1k-assembly1,A,2,180,primary,pdb
1jge-assembly1,A,1,180,primary,pdb
8esa-assembly1,A,1,180,primary,pdb
5ib3-assembly1,A,1,180,primary,pdb
1uxs-assembly1,A,1,180,primary,pdb
2hla-assembly1,A,1,180,primary,pdb
8ec5-assembly1,A,1,161,primary,pdb
8vrb-assembly1,A,1,180,primary,pdb
1qqd-assembly1,A,1,179,primary,pdb
7duu-assembly1,A,1,179,primary,pdb
1efx-assembly1,A,2,180,primary,pdb
8tmu-assembly1,A,1,179,primary,pdb
5xs3-assembly1,A,1,177,primary,pdb
1im9-assembly1,A,1,179,primary,pdb
5e6i-assembly1,I,1,180,primary,pdb
9c3e-assembly1,H,94,252,primary,pdb
6pui-assembly1,A,3,177,primary,pdb
5u1r-assembly1,C,3,175,primary,pdb
5u72-assembly1,A,3,173,primary,pdb
6pul-assembly1,A,3,177,primary,pdb
5u16-assembly1,A,3,175,primary,pdb
6pud-assembly1,A,3,177,primary,pdb
6xqp-assembly1,A,1,175,primary,pdb
7zt8-assembly1,A,3,178,primary,pdb
9btx-assembly1,A,3,175,primary,pdb
5u6q-assembly1,C,3,175,primary,pdb
4nqd-assembly1,A,1,177,primary,pdb
6pum-assembly1,A,3,175,primary,pdb
4l4v-assembly1,A,1,176,primary,pdb
6puc-assembly1,A,3,177,primary,pdb
6puj-assembly1,A,3,175,primary,pdb
9cgs-assembly1,A,3,175,primary,pdb
6w9u-assembly1,A,3,177,primary,pdb
6puh-assembly1,A,3,177,primary,pdb
9cgr-assembly1,A,3,178,primary,pdb
8y6x-assembly1,A,3,178,primary,pdb
4pjf-assembly1,A,1,175,primary,pdb
5d7i-assembly1,A,1,175,primary,pdb
6pvd-assembly1,A,3,175,primary,pdb
6pvc-assembly1,A,3,177,primary,pdb
6puf-assembly1,A,3,175,primary,pdb
4pji-assembly1,A,1,174,primary,pdb
4nqe-assembly1,A,3,178,primary,pdb
4nqc-assembly1,A,3,175,primary,pdb
5u2v-assembly1,A,3,178,primary,pdb
4pj5-assembly1,A,1,175,primary,pdb
9bty-assembly1,A,3,177,primary,pdb
6pug-assembly1,A,3,177,primary,pdb
6pue-assembly1,A,3,177,primary,pdb
5u17-assembly1,A,1,177,primary,pdb
7zt3-assembly1,A,2,178,primary,pdb
4pje-assembly1,A,1,172,primary,pdb
4pj8-assembly1,A,1,175,primary,pdb
5d7l-assembly1,A,1,177,primary,pdb
6puk-assembly1,A,3,175,primary,pdb
6w9v-assembly1,A,3,177,primary,pdb
7zt2-assembly1,A,1,177,primary,pdb
4pj9-assembly1,A,3,178,primary,pdb
9btz-assembly1,A,3,176,primary,pdb
4pjg-assembly1,A,1,175,primary,pdb
4pjc-assembly1,A,3,176,primary,pdb
7ufj-assembly1,A,3,176,primary,pdb
5d7j-assembly1,E,1,174,primary,pdb
4pj7-assembly1,A,3,176,primary,pdb
9bu0-assembly1,A,3,175,primary,pdb
4pjh-assembly1,A,1,174,primary,pdb
5d5m-assembly1,A,1,175,primary,pdb
8bp6-assembly1,A,100,275,primary,pdb
7zt5-assembly1,A,3,176,primary,pdb
4pjd-assembly1,A,3,178,primary,pdb
7zt7-assembly1,A,3,176,primary,pdb
4pjx-assembly1,A,3,174,primary,pdb
7zt4-assembly1,A,3,176,primary,pdb
4pja-assembly1,A,3,176,primary,pdb
7lli-assembly1,C,3,178,primary,pdb
4lcw-assembly1,A,3,176,primary,pdb
4l4t-assembly1,A,3,178,primary,pdb
7umg-assembly1,A,2,175,primary,pdb
4gup-assembly1,A,2,176,primary,pdb
7zt9-assembly1,A,3,176,primary,pdb
4pjb-assembly1,A,3,178,primary,pdb
7llj-assembly1,C,3,178,primary,pdb
1t7x-assembly1,A,2,176,primary,pdb
6mwr-assembly1,A,2,176,primary,pdb
1t7y-assembly1,A,2,175,primary,pdb
3es6-assembly1,A,6,179,primary,pdb
1t7z-assembly1,A,2,175,primary,pdb
1t80-assembly1,A,2,177,primary,pdb
1de4-assembly1,A,1,178,primary,pdb
1t7v-assembly1,A,2,175,primary,pdb
1t7w-assembly1,A,2,175,primary,pdb
6r2u-assembly1,A,2,178,primary,pdb
1a6z-assembly1,A,1,178,primary,pdb
1zag-assembly1,A,2,174,primary,pdb
7rno-assembly1,A,2,175,primary,pdb
6nha-assembly1,A,3,163,primary,pdb
6c98-assembly1,A,2,169,primary,pdb
7q15-assembly1,A,1,171,primary,pdb
6wna-assembly1,A,2,171,primary,pdb
6c97-assembly1,A,2,171,primary,pdb
6wol-assembly1,A,2,169,primary,pdb
2wy3-assembly1,A,3,173,primary,pdb
6qio-assembly1,B,1,172,primary,pdb
5bjt-assembly1,A,2,171,primary,pdb
6c99-assembly1,A,3,172,primary,pdb
4n0f-assembly1,A,2,171,primary,pdb
4n0u-assembly1,A,2,171,primary,pdb
6fgb-assembly1,A,1,171,primary,pdb
6la6-assembly1,E-4,1,171,primary,pdb
6qip-assembly1,B,1,172,primary,pdb
6ilm-assembly1,E-45,2,171,primary,pdb
4wo4-assembly1,A,3,172,primary,pdb
1je6-assembly1,A,3,176,primary,pdb
8tm0-assembly1,C,1,161,primary,pdb
5whk-assembly1,A,2,158,primary,pdb
6v7y-assembly1,A,6,179,primary,pdb
3m17-assembly1,A,2,168,primary,pdb
8tm2-assembly1,C,1,164,primary,pdb
5bxf-assembly1,A,2,170,primary,pdb
8sos-assembly1,E-2,3,179,primary,pdb
4k71-assembly1,B,2,171,primary,pdb
3sdx-assembly1,A,1,176,primary,pdb
1onq-assembly1,A,2,173,primary,pdb
1exu-assembly1,A,3,163,primary,pdb
6la7-assembly1,E-3,2,170,primary,pdb
7mxf-assembly1,A,1,178,primary,pdb
8tlz-assembly1,A,1,162,primary,pdb
3m1b-assembly1,A,2,167,primary,pdb
3jtc-assembly1,A,1,171,primary,pdb
7mx4-assembly1,A,1,178,primary,pdb
7c9v-assembly1,E-14,2,170,primary,pdb
1kcg-assembly1,C,1,170,primary,pdb
4s0u-assembly1,C,1,174,primary,pdb
1b3j-assembly1,A,1,165,primary,pdb
3u0p-assembly1,A,1,177,primary,pdb
1xz0-assembly1,A,1,176,primary,pdb
4ww2-assembly1,C,6,177,primary,pdb
6v7z-assembly1,A,3,179,primary,pdb
1lqv-assembly1,A,1,169,primary,pdb
8dv4-assembly1,A,1,177,primary,pdb
4lhu-assembly1,A,4,176,primary,pdb
8sgm-assembly1,A,3,176,primary,pdb
3huj-assembly1,A,1,173,primary,pdb
6sny-assembly1,B,2,167,primary,pdb
8dv3-assembly1,A,6,179,primary,pdb
3d2u-assembly1,A,1,181,primary,pdb
3vwk-assembly1,A,2,171,primary,pdb
7ryo-assembly1,A,2,176,primary,pdb
3tzv-assembly1,C,2,175,primary,pdb
1l8j-assembly1,A,3,168,primary,pdb
7fi9-assembly1,C,3,161,primary,pdb
7ryn-assembly1,A,3,173,primary,pdb
8gle-assembly1,A,6,179,primary,pdb
4mng-assembly1,A,1,177,primary,pdb
7mxh-assembly1,A,4,179,primary,pdb
7fi6-assembly1,C,1,165,primary,pdb
8glf-assembly1,A,6,179,primary,pdb
5l2j-assembly1,A,6,179,primary,pdb
4en3-assembly1,C,2,174,primary,pdb
7kp1-assembly1,A,3,171,primary,pdb
7oks-assembly1,A,1,166,primary,pdb
8sgb-assembly1,A,3,177,primary,pdb
6nux-assembly1,A,2,167,primary,pdb
1gzp-assembly1,A,6,179,primary,pdb
1hyr-assembly1,C,2,176,primary,pdb
8glh-assembly1,A,3,179,primary,pdb
7fi5-assembly1,C,1,162,primary,pdb
7kp0-assembly1,A,1,171,primary,pdb
5c9j-assembly1,A,1,174,primary,pdb
4x6d-assembly1,A,2,171,primary,pdb
4v3e-assembly1,B,2,166,primary,pdb
5wl1-assembly1,A,6,179,primary,pdb
3ov6-assembly1,A,106,279,primary,pdb
7oku-assembly1,A,3,171,primary,pdb
7rym-assembly1,A,2,171,primary,pdb
8gli-assembly1,A,6,179,primary,pdb
3t8x-assembly1,A,3,179,primary,pdb
6d64-assembly1,A,6,179,primary,pdb
7sh4-assembly1,A,1,169,primary,pdb
4v3d-assembly1,D,1,167,primary,pdb
6c09-assembly1,A,2,173,primary,pdb
8glg-assembly1,A,3,178,primary,pdb
2po6-assembly1,A,3,176,primary,pdb
4x6e-assembly1,A,2,164,primary,pdb
7okv-assembly1,A,2,165,primary,pdb
4ono-assembly1,A,106,277,primary,pdb
7fi7-assembly1,C,3,165,primary,pdb
6cug-assembly1,A,4,180,primary,pdb
1gzq-assembly1,A,4,180,primary,pdb
7q5d-assembly1,A,2,171,primary,pdb
2h26-assembly1,A,6,179,primary,pdb
4wwk-assembly1,C,2,171,primary,pdb
5l2k-assembly1,A,6,179,primary,pdb
7okt-assembly1,A,2,162,primary,pdb
3vwj-assembly1,A,2,169,primary,pdb
5j1a-assembly1,A,2,168,primary,pdb
5wke-assembly1,A,6,179,primary,pdb
5wkg-assembly1,A,6,179,primary,pdb
1zt4-assembly1,A,4,176,primary,pdb
6v80-assembly1,A,1,177,primary,pdb
4mq7-assembly1,A,1,168,primary,pdb
7fi8-assembly1,C,3,164,primary,pdb
5wki-assembly1,A,1,175,primary,pdb
8zox-assembly1,A,3,176,primary,pdb
7koz-assembly1,A,1,170,primary,pdb
8c44-assembly1,C,2,164,primary,pdb
7b5f-assembly1,G,2,132,primary,pdb
1uqs-assembly1,A,7,180,primary,pdb
4x6f-assembly1,A,2,163,primary,pdb
4x6c-assembly1,A,2,165,primary,pdb
4ffe-assembly1,X,1,148,primary,pdb
6c15-assembly1,A,3,169,primary,pdb
7xxa-assembly1,E-29,2,144,primary,pdb
3s6c-assembly1,A,103,269,primary,pdb
4pdc-assembly1,E,1,148,primary,pdb
3it8-assembly1,D,2,177,primary,pdb
AF-Q29757-F1-model_v6,NoChainInfo,25,203,primary,afdb
AF-Q861F7-F1-model_v6,NoChainInfo,1,180,primary,afdb
AF-O19520-F1-model_v6,NoChainInfo,2,179,primary,afdb
AF-O19671-F1-model_v6,NoChainInfo,2,179,primary,afdb
AF-O19672-F1-model_v6,NoChainInfo,2,179,primary,afdb
AF-A0A140T955-F1-model_v6,NoChainInfo,25,203,primary,afdb
AF-Q8HX85-F1-model_v6,NoChainInfo,17,196,primary,afdb
AF-A0A1W2PRT9-F1-model_v6,NoChainInfo,24,203,primary,afdb
AF-Q29756-F1-model_v6,NoChainInfo,2,179,primary,afdb
AF-A0A8F4JDK3-F1-model_v6,NoChainInfo,2,179,primary,afdb
AF-A0A583ZAW0-F1-model_v6,NoChainInfo,25,204,primary,afdb
AF-Q9TQB6-F1-model_v6,NoChainInfo,25,204,primary,afdb
AF-U5YJP1-F1-model_v6,NoChainInfo,25,204,primary,afdb
AF-A0A223FKV7-F1-model_v6,NoChainInfo,25,204,primary,afdb
AF-A0A5H2UU57-F1-model_v6,NoChainInfo,25,204,primary,afdb
AF-A0A5H2UEQ8-F1-model_v6,NoChainInfo,25,204,primary,afdb
AF-Q8WLS4-F1-model_v6,NoChainInfo,25,204,primary,afdb
AF-F6IQS1-F1-model_v6,NoChainInfo,25,204,primary,afdb
AF-A0A140T913-F1-model_v6,NoChainInfo,25,204,primary,afdb
AF-Q9TQ73-F1-model_v6,NoChainInfo,25,204,primary,afdb
AF-A0A8F4G8Y5-F1-model_v6,NoChainInfo,25,204,primary,afdb
AF-U5YKE0-F1-model_v6,NoChainInfo,25,204,primary,afdb
AF-Q5MAG5-F1-model_v6,NoChainInfo,25,204,primary,afdb
AF-Q52YL7-F1-model_v6,NoChainInfo,25,204,primary,afdb
AF-A0A142J256-F1-model_v6,NoChainInfo,25,204,primary,afdb
AF-O19642-F1-model_v6,NoChainInfo,23,202,primary,afdb
AF-C5IWX9-F1-model_v6,NoChainInfo,25,204,primary,afdb
AF-Q95J05-F1-model_v6,NoChainInfo,25,204,primary,afdb
AF-A0A6S7XV52-F1-model_v6,NoChainInfo,25,204,primary,afdb
AF-A0A1W2PPQ2-F1-model_v6,NoChainInfo,25,204,primary,afdb
AF-Q861F6-F1-model_v6,NoChainInfo,1,180,primary,afdb
AF-A0A5B8RNS7-F1-model_v6,NoChainInfo,25,204,primary,afdb
AF-A0A5H2UTD7-F1-model_v6,NoChainInfo,25,204,primary,afdb
AF-O78126-F1-model_v6,NoChainInfo,22,201,primary,afdb
AF-C5IWX6-F1-model_v6,NoChainInfo,25,204,primary,afdb
AF-A0A223FKY8-F1-model_v6,NoChainInfo,25,204,primary,afdb
AF-Q53Z42-F1-model_v6,NoChainInfo,25,204,primary,afdb
AF-P79603-F1-model_v6,NoChainInfo,25,204,primary,afdb
AF-S6FW97-F1-model_v6,NoChainInfo,25,204,primary,afdb
AF-Q9GJ24-F1-model_v6,NoChainInfo,23,202,primary,afdb
AF-Q9TQ65-F1-model_v6,NoChainInfo,25,204,primary,afdb
AF-A0A4D6NYZ2-F1-model_v6,NoChainInfo,25,204,primary,afdb
AF-A0A678ZGP6-F1-model_v6,NoChainInfo,25,204,primary,afdb
AF-Q2LC95-F1-model_v6,NoChainInfo,25,204,primary,afdb
AF-D2KZ37-F1-model_v6,NoChainInfo,2,179,primary,afdb
AF-A0A0F6TL23-F1-model_v6,NoChainInfo,25,204,primary,afdb
AF-H9BNV4-F1-model_v6,NoChainInfo,2,179,primary,afdb
AF-A0A060CZ20-F1-model_v6,NoChainInfo,25,204,primary,afdb
AF-A0A8F4JDU3-F1-model_v6,NoChainInfo,25,204,primary,afdb
AF-A0A583ZB52-F1-model_v6,NoChainInfo,25,204,primary,afdb
AF-Q29740-F1-model_v6,NoChainInfo,2,179,primary,afdb
AF-A0A0D4CZE3-F1-model_v6,NoChainInfo,2,179,primary,afdb
AF-A0A583ZB50-F1-model_v6,NoChainInfo,2,179,primary,afdb
AF-Q29741-F1-model_v6,NoChainInfo,2,179,primary,afdb
AF-A0A583ZB51-F1-model_v6,NoChainInfo,25,204,primary,afdb
AF-I3ZN80-F1-model_v6,NoChainInfo,25,204,primary,afdb
AF-P04439-F1-model_v6,NoChainInfo,25,204,primary,afdb
AF-Q95361-F1-model_v6,NoChainInfo,2,179,primary,afdb
AF-Q29907-F1-model_v6,NoChainInfo,25,204,primary,afdb
AF-A0A8F4G6S3-F1-model_v6,NoChainInfo,2,179,primary,afdb
AF-Q5SRN5-F1-model_v6,NoChainInfo,25,204,primary,afdb
AF-A0A9L9PY26-F1-model_v6,NoChainInfo,25,204,primary,afdb
AF-A0A1W2PS24-F1-model_v6,NoChainInfo,25,203,primary,afdb
AF-C5IWY6-F1-model_v6,NoChainInfo,25,204,primary,afdb
AF-C5IWY0-F1-model_v6,NoChainInfo,25,204,primary,afdb
AF-A0A0H3W548-F1-model_v6,NoChainInfo,25,204,primary,afdb
AF-Q5SPM2-F1-model_v6,NoChainInfo,25,204,primary,afdb
AF-Q861E7-F1-model_v6,NoChainInfo,25,204,primary,afdb
AF-A0A583ZB67-F1-model_v6,NoChainInfo,2,179,primary,afdb
AF-X5D2K4-F1-model_v6,NoChainInfo,25,204,primary,afdb
AF-A0A8F4JG78-F1-model_v6,NoChainInfo,25,204,primary,afdb
AF-Q2MJJ6-F1-model_v6,NoChainInfo,25,204,primary,afdb
AF-A0A9L9PXF6-F1-model_v6,NoChainInfo,25,204,primary,afdb
AF-Q5SRN7-F1-model_v6,NoChainInfo,25,203,primary,afdb
AF-A0A866W1K1-F1-model_v6,NoChainInfo,25,204,primary,afdb
AF-A0A1G4HQ08-F1-model_v6,NoChainInfo,25,204,primary,afdb
AF-E3UN97-F1-model_v6,NoChainInfo,25,204,primary,afdb
AF-A0A583ZAV6-F1-model_v6,NoChainInfo,25,204,primary,afdb
AF-A0A1W2PPF8-F1-model_v6,NoChainInfo,25,203,primary,afdb
AF-A0A1S7SKC8-F1-model_v6,NoChainInfo,25,204,primary,afdb
AF-O02968-F1-model_v6,NoChainInfo,2,179,primary,afdb
AF-Q95HL9-F1-model_v6,NoChainInfo,16,195,primary,afdb
AF-Q2MJJ5-F1-model_v6,NoChainInfo,25,204,primary,afdb
AF-A0A142J247-F1-model_v6,NoChainInfo,25,204,primary,afdb
AF-Q9TQ74-F1-model_v6,NoChainInfo,25,204,primary,afdb
AF-A0A8F4G8C0-F1-model_v6,NoChainInfo,2,179,primary,afdb
AF-A0A9L9PYF9-F1-model_v6,NoChainInfo,25,204,primary,afdb
AF-Q29739-F1-model_v6,NoChainInfo,2,179,primary,afdb
AF-A0A140T8W8-F1-model_v6,NoChainInfo,25,203,primary,afdb
AF-A0A583ZB34-F1-model_v6,NoChainInfo,25,204,primary,afdb
AF-U5YJJ6-F1-model_v6,NoChainInfo,25,204,primary,afdb
AF-A0A0G2JPD3-F1-model_v6,NoChainInfo,25,204,primary,afdb
AF-O19521-F1-model_v6,NoChainInfo,2,179,primary,afdb
AF-A0A6M6CC39-F1-model_v6,NoChainInfo,25,204,primary,afdb
AF-F6IQY1-F1-model_v6,NoChainInfo,25,204,primary,afdb
AF-Q9MY47-F1-model_v6,NoChainInfo,1,179,primary,afdb
AF-A0A583ZB79-F1-model_v6,NoChainInfo,25,204,primary,afdb
AF-A0A8F4GDW7-F1-model_v6,NoChainInfo,25,204,primary,afdb
AF-D0V0C4-F1-model_v6,NoChainInfo,25,204,primary,afdb
AF-A0A140T941-F1-model_v6,NoChainInfo,25,204,primary,afdb
AF-A0A109QAI7-F1-model_v6,NoChainInfo,25,204,primary,afdb
AF-Q95HM0-F1-model_v6,NoChainInfo,16,195,primary,afdb
AF-A0A387LBR7-F1-model_v6,NoChainInfo,25,203,primary,afdb
AF-A0A1W2PR61-F1-model_v6,NoChainInfo,25,203,primary,afdb
AF-A0A411J078-F1-model_v6,NoChainInfo,25,204,primary,afdb
AF-A0A2P9FID8-F1-model_v6,NoChainInfo,25,204,primary,afdb
AF-U5YJK1-F1-model_v6,NoChainInfo,25,204,primary,afdb
AF-A0A140T8Y4-F1-model_v6,NoChainInfo,25,204,primary,afdb
AF-A0A866VWG0-F1-model_v6,NoChainInfo,25,203,primary,afdb
AF-A0A866W2Z2-F1-model_v6,NoChainInfo,25,204,primary,afdb
AF-B0UXQ0-F1-model_v6,NoChainInfo,25,204,primary,afdb
AF-A0A140T9Z6-F1-model_v6,NoChainInfo,25,204,primary,afdb
AF-A0A7T3RIT5-F1-model_v6,NoChainInfo,25,204,primary,afdb
AF-Q5S3G3-F1-model_v6,NoChainInfo,25,204,primary,afdb
AF-M1RL68-F1-model_v6,NoChainInfo,25,204,primary,afdb
AF-A0A1W2PQS8-F1-model_v6,NoChainInfo,25,204,primary,afdb
AF-A0A5H2UYS3-F1-model_v6,NoChainInfo,27,206,primary,afdb
AF-I3QHR3-F1-model_v6,NoChainInfo,2,179,primary,afdb
AF-A0A583ZB21-F1-model_v6,NoChainInfo,25,204,primary,afdb
AF-F6IQZ4-F1-model_v6,NoChainInfo,25,204,primary,afdb
AF-A0A8F4G8X1-F1-model_v6,NoChainInfo,25,204,primary,afdb
AF-A0A8F4G6Q4-F1-model_v6,NoChainInfo,25,204,primary,afdb
AF-Q9GJ44-F1-model_v6,NoChainInfo,25,204,primary,afdb
AF-Q2LC93-F1-model_v6,NoChainInfo,25,204,primary,afdb
AF-A0A173ADK6-F1-model_v6,NoChainInfo,25,204,primary,afdb
AF-A0A1G4HPV3-F1-model_v6,NoChainInfo,25,204,primary,afdb
AF-E5FQ47-F1-model_v6,NoChainInfo,25,204,primary,afdb
AF-Q29724-F1-model_v6,NoChainInfo,2,179,primary,afdb
AF-F6IR24-F1-model_v6,NoChainInfo,25,204,primary,afdb
AF-A0A8F4GAB4-F1-model_v6,NoChainInfo,25,204,primary,afdb
AF-D9UAY1-F1-model_v6,NoChainInfo,25,204,primary,afdb
AF-B6ETN7-F1-model_v6,NoChainInfo,25,204,primary,afdb
AF-A0A583ZAY5-F1-model_v6,NoChainInfo,25,204,primary,afdb
AF-Q5SUL5-F1-model_v6,NoChainInfo,25,204,primary,afdb
AF-A0A286LDA8-F1-model_v6,NoChainInfo,25,204,primary,afdb
AF-Q8WWJ0-F1-model_v6,NoChainInfo,2,179,primary,afdb
AF-A0A140TA21-F1-model_v6,NoChainInfo,25,203,primary,afdb
AF-Q5RJ27-F1-model_v6,NoChainInfo,25,204,primary,afdb
AF-Q29689-F1-model_v6,NoChainInfo,25,204,primary,afdb
AF-A0A1Z2RTN8-F1-model_v6,NoChainInfo,25,204,primary,afdb
AF-A0A583ZB23-F1-model_v6,NoChainInfo,25,204,primary,afdb
AF-A0A8F4G6S8-F1-model_v6,NoChainInfo,25,204,primary,afdb
AF-A0A583ZB91-F1-model_v6,NoChainInfo,2,179,primary,afdb
AF-A0A143Y4R2-F1-model_v6,NoChainInfo,25,204,primary,afdb
AF-A0A140T9D4-F1-model_v6,NoChainInfo,36,214,primary,afdb
AF-A0A140T975-F1-model_v6,NoChainInfo,25,204,primary,afdb
AF-A0A1W2PS39-F1-model_v6,NoChainInfo,25,204,primary,afdb
AF-Q70I55-F1-model_v6,NoChainInfo,2,179,primary,afdb
AF-Q8WLR2-F1-model_v6,NoChainInfo,2,179,primary,afdb
AF-Q95HM2-F1-model_v6,NoChainInfo,21,200,primary,afdb
AF-Q95HM1-F1-model_v6,NoChainInfo,21,200,primary,afdb
AF-Q95J07-F1-model_v6,NoChainInfo,25,204,primary,afdb
AF-A0A090KFS3-F1-model_v6,NoChainInfo,25,204,primary,afdb
AF-O19646-F1-model_v6,NoChainInfo,2,178,primary,afdb
AF-Q6IVJ7-F1-model_v6,NoChainInfo,25,203,primary,afdb
AF-A0A1W2PSE7-F1-model_v6,NoChainInfo,24,203,primary,afdb
AF-D2U832-F1-model_v6,NoChainInfo,2,179,primary,afdb
AF-A0A583ZC21-F1-model_v6,NoChainInfo,25,204,primary,afdb
AF-Q29666-F1-model_v6,NoChainInfo,2,179,primary,afdb
AF-A0A140TA13-F1-model_v6,NoChainInfo,25,204,primary,afdb
AF-A0A0G2JIF2-F1-model_v6,NoChainInfo,25,204,primary,afdb
AF-A0A8Q3SIV3-F1-model_v6,NoChainInfo,25,203,primary,afdb
AF-A0A0G2JI36-F1-model_v6,NoChainInfo,25,204,primary,afdb
AF-A0A140TA19-F1-model_v6,NoChainInfo,25,204,primary,afdb
AF-Q861B1-F1-model_v6,NoChainInfo,2,179,primary,afdb
AF-A0A0G2JL56-F1-model_v6,NoChainInfo,25,204,primary,afdb
AF-Q9GJ45-F1-model_v6,NoChainInfo,25,204,primary,afdb
AF-F6IQR9-F1-model_v6,NoChainInfo,25,204,primary,afdb
AF-A0A8F4GAH9-F1-model_v6,NoChainInfo,2,179,primary,afdb
AF-Q95HM3-F1-model_v6,NoChainInfo,21,200,primary,afdb
AF-A0A8F4G6N8-F1-model_v6,NoChainInfo,2,179,primary,afdb
AF-A0A1W2PNR7-F1-model_v6,NoChainInfo,22,200,primary,afdb
AF-I4EPX9-F1-model_v6,NoChainInfo,25,204,primary,afdb
AF-A0A583ZBD8-F1-model_v6,NoChainInfo,2,179,primary,afdb
AF-W6JNQ2-F1-model_v6,NoChainInfo,25,203,primary,afdb
AF-Q95HM5-F1-model_v6,NoChainInfo,21,200,primary,afdb
AF-Q95363-F1-model_v6,NoChainInfo,2,179,primary,afdb
AF-E7CZN3-F1-model_v6,NoChainInfo,2,179,primary,afdb
AF-A0A3G1VFM0-F1-model_v6,NoChainInfo,2,179,primary,afdb
AF-A0A141MJG7-F1-model_v6,NoChainInfo,25,204,primary,afdb
AF-C6K6H4-F1-model_v6,NoChainInfo,25,204,primary,afdb
AF-A0A8F4GAC4-F1-model_v6,NoChainInfo,2,179,primary,afdb
AF-O98221-F1-model_v6,NoChainInfo,25,204,primary,afdb
AF-Q95HM4-F1-model_v6,NoChainInfo,21,199,primary,afdb
AF-A0A583ZC09-F1-model_v6,NoChainInfo,2,179,primary,afdb
AF-Q29763-F1-model_v6,NoChainInfo,2,179,primary,afdb
AF-O78043-F1-model_v6,NoChainInfo,2,178,primary,afdb
AF-O02874-F1-model_v6,NoChainInfo,25,203,primary,afdb
AF-R5AK10-F1-model_v6,NoChainInfo,25,204,primary,afdb
AF-Q8SP64-F1-model_v6,NoChainInfo,2,178,primary,afdb
AF-A0A583ZBF4-F1-model_v6,NoChainInfo,2,179,primary,afdb
AF-A0A583ZBM5-F1-model_v6,NoChainInfo,25,204,primary,afdb
AF-I3ZN83-F1-model_v6,NoChainInfo,25,204,primary,afdb
AF-V6E0U6-F1-model_v6,NoChainInfo,25,203,primary,afdb
AF-Q29716-F1-model_v6,NoChainInfo,2,178,primary,afdb
AF-X5LKD6-F1-model_v6,NoChainInfo,25,204,primary,afdb
AF-A0A1W2PQD0-F1-model_v6,NoChainInfo,25,204,primary,afdb
AF-O19644-F1-model_v6,NoChainInfo,2,178,primary,afdb
AF-A0A6M6AMD7-F1-model_v6,NoChainInfo,2,179,primary,afdb
AF-Q8TE31-F1-model_v6,NoChainInfo,2,179,primary,afdb
AF-Q2LC91-F1-model_v6,NoChainInfo,23,201,primary,afdb
AF-A0A2I8B3D0-F1-model_v6,NoChainInfo,25,204,primary,afdb
AF-Q30206-F1-model_v6,NoChainInfo,1,180,primary,afdb
AF-A0A173AD95-F1-model_v6,NoChainInfo,25,203,primary,afdb
AF-Q9TNU1-F1-model_v6,NoChainInfo,2,179,primary,afdb
AF-Q29733-F1-model_v6,NoChainInfo,2,179,primary,afdb
AF-A0A140TA05-F1-model_v6,NoChainInfo,25,204,primary,afdb
AF-A0A2Z4LG68-F1-model_v6,NoChainInfo,2,179,primary,afdb
AF-Q8WLR3-F1-model_v6,NoChainInfo,2,179,primary,afdb
AF-Q29761-F1-model_v6,NoChainInfo,2,179,primary,afdb
AF-A0A8F4JGX9-F1-model_v6,NoChainInfo,2,179,primary,afdb
AF-Q29653-F1-model_v6,NoChainInfo,25,203,primary,afdb
AF-O19648-F1-model_v6,NoChainInfo,2,178,primary,afdb
AF-A0A6M6CBR2-F1-model_v6,NoChainInfo,25,203,primary,afdb
AF-Q8WLQ9-F1-model_v6,NoChainInfo,2,179,primary,afdb
AF-A0A173AD94-F1-model_v6,NoChainInfo,25,203,primary,afdb
AF-O19645-F1-model_v6,NoChainInfo,2,179,primary,afdb
AF-Q95HL7-F1-model_v6,NoChainInfo,25,203,primary,afdb
AF-A0A583ZBM7-F1-model_v6,NoChainInfo,25,204,primary,afdb
AF-E7CRN8-F1-model_v6,NoChainInfo,25,204,primary,afdb
AF-Q7JFI6-F1-model_v6,NoChainInfo,2,179,primary,afdb
AF-A0A583ZBC2-F1-model_v6,NoChainInfo,1,180,primary,afdb
AF-Q9TQB8-F1-model_v6,NoChainInfo,2,179,primary,afdb
AF-O19650-F1-model_v6,NoChainInfo,2,179,primary,afdb
AF-Q8TE32-F1-model_v6,NoChainInfo,2,179,primary,afdb
AF-O19626-F1-model_v6,NoChainInfo,25,204,primary,afdb
AF-Q30207-F1-model_v6,NoChainInfo,1,180,primary,afdb
AF-A0A140T953-F1-model_v6,NoChainInfo,36,214,primary,afdb
AF-S6EYQ3-F1-model_v6,NoChainInfo,25,204,primary,afdb
AF-Q29654-F1-model_v6,NoChainInfo,25,203,primary,afdb
AF-Q29676-F1-model_v6,NoChainInfo,2,179,primary,afdb
AF-D5L9K0-F1-model_v6,NoChainInfo,25,204,primary,afdb
AF-O19781-F1-model_v6,NoChainInfo,1,180,primary,afdb
AF-C6K6H9-F1-model_v6,NoChainInfo,25,203,primary,afdb
AF-I3ZN84-F1-model_v6,NoChainInfo,25,204,primary,afdb
AF-O19691-F1-model_v6,NoChainInfo,13,191,primary,afdb
AF-O19554-F1-model_v6,NoChainInfo,25,204,primary,afdb
AF-A0A866W398-F1-model_v6,NoChainInfo,2,179,primary,afdb
AF-F4NBQ8-F1-model_v6,NoChainInfo,25,204,primary,afdb
AF-A0A140TA02-F1-model_v6,NoChainInfo,25,204,primary,afdb
AF-Q8WZ43-F1-model_v6,NoChainInfo,2,179,primary,afdb
AF-F4NC28-F1-model_v6,NoChainInfo,25,204,primary,afdb
AF-Q8SP61-F1-model_v6,NoChainInfo,2,179,primary,afdb
AF-A0AAT9FSN1-F1-model_v6,NoChainInfo,25,204,primary,afdb
AF-O19790-F1-model_v6,NoChainInfo,25,204,primary,afdb
AF-O19755-F1-model_v6,NoChainInfo,25,204,primary,afdb
AF-U6BR87-F1-model_v6,NoChainInfo,25,204,primary,afdb
AF-V9HVZ9-F1-model_v6,NoChainInfo,25,204,primary,afdb
AF-Q56H30-F1-model_v6,NoChainInfo,10,189,primary,afdb
AF-A0A1G4HPV1-F1-model_v6,NoChainInfo,25,204,primary,afdb
AF-A0A583ZBR5-F1-model_v6,NoChainInfo,25,204,primary,afdb
AF-Q9TPW6-F1-model_v6,NoChainInfo,25,204,primary,afdb
AF-C5J3Z8-F1-model_v6,NoChainInfo,25,204,primary,afdb
AF-A0A218MK64-F1-model_v6,NoChainInfo,25,204,primary,afdb
AF-O19589-F1-model_v6,NoChainInfo,25,204,primary,afdb
AF-A5CLI0-F1-model_v6,NoChainInfo,25,204,primary,afdb
AF-Q29699-F1-model_v6,NoChainInfo,2,179,primary,afdb
AF-Q5SS57-F1-model_v6,NoChainInfo,25,203,primary,afdb
AF-Q08173-F1-model_v6,NoChainInfo,25,204,primary,afdb
AF-A0A583ZBA7-F1-model_v6,NoChainInfo,21,200,primary,afdb
AF-Q29669-F1-model_v6,NoChainInfo,25,204,primary,afdb
AF-A0A858LJX3-F1-model_v6,NoChainInfo,25,204,primary,afdb
AF-Q546I7-F1-model_v6,NoChainInfo,25,204,primary,afdb
AF-H6SI89-F1-model_v6,NoChainInfo,8,186,primary,afdb
AF-Q29710-F1-model_v6,NoChainInfo,2,179,primary,afdb
AF-C6K6H6-F1-model_v6,NoChainInfo,25,203,primary,afdb
AF-A0A142J2H0-F1-model_v6,NoChainInfo,25,204,primary,afdb
AF-Q31602-F1-model_v6,NoChainInfo,25,204,primary,afdb
AF-B5MAH4-F1-model_v6,NoChainInfo,25,204,primary,afdb
AF-A0A650CD04-F1-model_v6,NoChainInfo,2,179,primary,afdb
AF-E7CZN2-F1-model_v6,NoChainInfo,2,178,primary,afdb
AF-A0A8F4G8D0-F1-model_v6,NoChainInfo,2,179,primary,afdb
AF-Q96DW9-F1-model_v6,NoChainInfo,25,203,primary,afdb
AF-A0A583ZAW4-F1-model_v6,NoChainInfo,2,178,primary,afdb
AF-C5MK53-F1-model_v6,NoChainInfo,25,204,primary,afdb
AF-C6K6J4-F1-model_v6,NoChainInfo,25,203,primary,afdb
AF-A0A8F4JGX4-F1-model_v6,NoChainInfo,25,203,primary,afdb
AF-Q29981-F1-model_v6,NoChainInfo,25,204,primary,afdb
AF-E7CRP1-F1-model_v6,NoChainInfo,25,203,primary,afdb
AF-C5MK49-F1-model_v6,NoChainInfo,25,204,primary,afdb
AF-D9J307-F1-model_v6,NoChainInfo,25,203,primary,afdb
AF-X5M233-F1-model_v6,NoChainInfo,25,203,primary,afdb
AF-Q29943-F1-model_v6,NoChainInfo,25,204,primary,afdb
AF-S6AU73-F1-model_v6,NoChainInfo,25,204,primary,afdb
AF-Q8SP59-F1-model_v6,NoChainInfo,2,179,primary,afdb
AF-Q29844-F1-model_v6,NoChainInfo,25,204,primary,afdb
AF-Q29705-F1-model_v6,NoChainInfo,25,204,primary,afdb
AF-O78183-F1-model_v6,NoChainInfo,2,179,primary,afdb
AF-Q29934-F1-model_v6,NoChainInfo,22,201,primary,afdb
AF-Q8SP60-F1-model_v6,NoChainInfo,2,179,primary,afdb
AF-A0A5J6BVL6-F1-model_v6,NoChainInfo,25,204,primary,afdb
AF-A0A6B7FTL9-F1-model_v6,NoChainInfo,25,204,primary,afdb
AF-A0AB38YL62-F1-model_v6,NoChainInfo,25,204,primary,afdb
AF-P17693-F1-model_v6,NoChainInfo,25,204,primary,afdb
AF-Q2LC90-F1-model_v6,NoChainInfo,21,199,primary,afdb
AF-Q29674-F1-model_v6,NoChainInfo,25,203,primary,afdb
AF-C5MK54-F1-model_v6,NoChainInfo,25,204,primary,afdb
AF-C5J3Z9-F1-model_v6,NoChainInfo,25,204,primary,afdb
AF-S6FC63-F1-model_v6,NoChainInfo,25,204,primary,afdb
AF-A0A583ZBJ9-F1-model_v6,NoChainInfo,25,203,primary,afdb
AF-Q29748-F1-model_v6,NoChainInfo,25,204,primary,afdb
AF-A0A583ZBV1-F1-model_v6,NoChainInfo,25,204,primary,afdb
AF-F4NBQ1-F1-model_v6,NoChainInfo,25,204,primary,afdb
AF-A0A8F4JDT8-F1-model_v6,NoChainInfo,2,179,primary,afdb
AF-A0A0A8LDV2-F1-model_v6,NoChainInfo,25,204,primary,afdb
AF-A0A140T9M0-F1-model_v6,NoChainInfo,25,204,primary,afdb
AF-H6VGI9-F1-model_v6,NoChainInfo,25,203,primary,afdb
AF-Q8WLR0-F1-model_v6,NoChainInfo,2,179,primary,afdb
AF-P79549-F1-model_v6,NoChainInfo,25,204,primary,afdb
AF-C6K6J0-F1-model_v6,NoChainInfo,25,203,primary,afdb
AF-Q95HM6-F1-model_v6,NoChainInfo,2,179,primary,afdb
AF-A0A142J2H2-F1-model_v6,NoChainInfo,25,204,primary,afdb
AF-I2G9F9-F1-model_v6,NoChainInfo,25,204,primary,afdb
AF-A0A8F4JD05-F1-model_v6,NoChainInfo,2,179,primary,afdb
AF-I3ZN85-F1-model_v6,NoChainInfo,25,203,primary,afdb
AF-Q29667-F1-model_v6,NoChainInfo,2,179,primary,afdb
AF-A0A140T9U0-F1-model_v6,NoChainInfo,25,204,primary,afdb
AF-A0A8F4GAB3-F1-model_v6,NoChainInfo,25,204,primary,afdb
AF-A0A1C3PHU5-F1-model_v6,NoChainInfo,25,204,primary,afdb
AF-A0A1W1B5N8-F1-model_v6,NoChainInfo,25,204,primary,afdb
AF-Q30191-F1-model_v6,NoChainInfo,1,180,primary,afdb
AF-C5IYE6-F1-model_v6,NoChainInfo,25,204,primary,afdb
AF-O78189-F1-model_v6,NoChainInfo,25,204,primary,afdb
AF-A0A140TA11-F1-model_v6,NoChainInfo,25,204,primary,afdb
AF-A0A1W2PRZ0-F1-model_v6,NoChainInfo,25,204,primary,afdb
AF-A0A583ZBW0-F1-model_v6,NoChainInfo,1,180,primary,afdb
AF-A0A2Z4LI59-F1-model_v6,NoChainInfo,16,195,primary,afdb
AF-Q29760-F1-model_v6,NoChainInfo,2,179,primary,afdb
AF-G0M6G4-F1-model_v6,NoChainInfo,1,180,primary,afdb
AF-A0A583ZBC7-F1-model_v6,NoChainInfo,25,204,primary,afdb
AF-P10321-F1-model_v6,NoChainInfo,26,204,primary,afdb
AF-Q7YQB0-F1-model_v6,NoChainInfo,25,204,primary,afdb
AF-S6FM58-F1-model_v6,NoChainInfo,25,204,primary,afdb
AF-A0A6B7HFJ9-F1-model_v6,NoChainInfo,25,204,primary,afdb
AF-Q8WLQ8-F1-model_v6,NoChainInfo,2,178,primary,afdb
AF-A0A173AD52-F1-model_v6,NoChainInfo,25,203,primary,afdb
AF-A0A140T9W2-F1-model_v6,NoChainInfo,25,204,primary,afdb
AF-A0A5H2UI55-F1-model_v6,NoChainInfo,25,203,primary,afdb
AF-A0A7T3P0R0-F1-model_v6,NoChainInfo,25,204,primary,afdb
AF-A0A173ADB5-F1-model_v6,NoChainInfo,25,203,primary,afdb
AF-Q546J0-F1-model_v6,NoChainInfo,25,204,primary,afdb
AF-P79612-F1-model_v6,NoChainInfo,25,203,primary,afdb
AF-A0A1L2BLQ6-F1-model_v6,NoChainInfo,2,179,primary,afdb
AF-A0A1W2PP29-F1-model_v6,NoChainInfo,25,203,primary,afdb
AF-A0A097ZQV5-F1-model_v6,NoChainInfo,25,203,primary,afdb
AF-A0A8F4GAG1-F1-model_v6,NoChainInfo,2,179,primary,afdb
AF-A0A0B7MH39-F1-model_v6,NoChainInfo,25,204,primary,afdb
AF-Q53YP1-F1-model_v6,NoChainInfo,25,204,primary,afdb
AF-Q29700-F1-model_v6,NoChainInfo,25,204,primary,afdb
AF-A0A346XQW7-F1-model_v6,NoChainInfo,25,204,primary,afdb
AF-P01889-F1-model_v6,NoChainInfo,25,203,primary,afdb
AF-Q30172-F1-model_v6,NoChainInfo,25,204,primary,afdb
AF-O19782-F1-model_v6,NoChainInfo,25,203,primary,afdb
AF-S6FC68-F1-model_v6,NoChainInfo,25,204,primary,afdb
AF-A0A140TA14-F1-model_v6,NoChainInfo,25,204,primary,afdb
AF-Q29644-F1-model_v6,NoChainInfo,25,204,primary,afdb
AF-Q95346-F1-model_v6,NoChainInfo,25,203,primary,afdb
AF-A0A173ADA9-F1-model_v6,NoChainInfo,25,204,primary,afdb
AF-C5MK52-F1-model_v6,NoChainInfo,25,204,primary,afdb
AF-F4NBT2-F1-model_v6,NoChainInfo,25,204,primary,afdb
AF-A0A3S6RFN3-F1-model_v6,NoChainInfo,25,203,primary,afdb
AF-A0A8F4G6R9-F1-model_v6,NoChainInfo,25,203,primary,afdb
AF-A0A583ZBE5-F1-model_v6,NoChainInfo,25,204,primary,afdb
AF-F6IQA6-F1-model_v6,NoChainInfo,25,204,primary,afdb
AF-C6K6I7-F1-model_v6,NoChainInfo,25,204,primary,afdb
AF-A0A583ZBD5-F1-model_v6,NoChainInfo,2,179,primary,afdb
AF-S5DHS4-F1-model_v6,NoChainInfo,2,179,primary,afdb
AF-O78179-F1-model_v6,NoChainInfo,25,204,primary,afdb
AF-A0A583ZBX0-F1-model_v6,NoChainInfo,25,204,primary,afdb
AF-A0A8F4G964-F1-model_v6,NoChainInfo,25,204,primary,afdb
AF-Q29637-F1-model_v6,NoChainInfo,25,203,primary,afdb
AF-C9E8V1-F1-model_v6,NoChainInfo,25,204,primary,afdb
AF-Q8SP63-F1-model_v6,NoChainInfo,2,179,primary,afdb
AF-Q5RIP0-F1-model_v6,NoChainInfo,25,204,primary,afdb
AF-C5MK56-F1-model_v6,NoChainInfo,25,204,primary,afdb
AF-Q8SP65-F1-model_v6,NoChainInfo,2,179,primary,afdb
AF-Q29701-F1-model_v6,NoChainInfo,2,179,primary,afdb
AF-B8YBG3-F1-model_v6,NoChainInfo,25,204,primary,afdb
AF-Q29938-F1-model_v6,NoChainInfo,25,204,primary,afdb
AF-A0A499S0B6-F1-model_v6,NoChainInfo,25,203,primary,afdb
AF-A0A678ZMW1-F1-model_v6,NoChainInfo,25,203,primary,afdb
AF-A0AAT9PAB7-F1-model_v6,NoChainInfo,25,204,primary,afdb
AF-C9E8W1-F1-model_v6,NoChainInfo,25,204,primary,afdb
AF-A0A140T921-F1-model_v6,NoChainInfo,25,204,primary,afdb
AF-A2AEA2-F1-model_v6,NoChainInfo,25,204,primary,afdb
AF-A2BF26-F1-model_v6,NoChainInfo,26,204,primary,afdb
AF-K7DVA1-F1-model_v6,NoChainInfo,3,182,primary,afdb
AF-A0A1W2PR11-F1-model_v6,NoChainInfo,25,204,primary,afdb
AF-O78182-F1-model_v6,NoChainInfo,2,179,primary,afdb
AF-F6IQM2-F1-model_v6,NoChainInfo,25,204,primary,afdb
AF-S6F453-F1-model_v6,NoChainInfo,25,204,primary,afdb
AF-A0A583ZC08-F1-model_v6,NoChainInfo,25,204,primary,afdb
AF-A0A866W3D0-F1-model_v6,NoChainInfo,25,203,primary,afdb
AF-Q30182-F1-model_v6,NoChainInfo,25,204,primary,afdb
AF-A0A0G2JPQ3-F1-model_v6,NoChainInfo,30,209,primary,afdb
AF-C5IYE7-F1-model_v6,NoChainInfo,25,204,primary,afdb
AF-A0A0G2JIF0-F1-model_v6,NoChainInfo,25,204,primary,afdb
AF-A0A866W3Y5-F1-model_v6,NoChainInfo,25,204,primary,afdb
AF-Q29932-F1-model_v6,NoChainInfo,25,204,primary,afdb
AF-Q1XDY2-F1-model_v6,NoChainInfo,25,204,primary,afdb
AF-A0A141MJG6-F1-model_v6,NoChainInfo,25,204,primary,afdb
AF-Q546I9-F1-model_v6,NoChainInfo,25,204,primary,afdb
AF-A0A346XQV8-F1-model_v6,NoChainInfo,25,204,primary,afdb
AF-S6FM53-F1-model_v6,NoChainInfo,25,204,primary,afdb
AF-Q8SP62-F1-model_v6,NoChainInfo,2,179,primary,afdb
AF-A0A583ZBW7-F1-model_v6,NoChainInfo,26,204,primary,afdb
AF-A0A140T937-F1-model_v6,NoChainInfo,25,204,primary,afdb
AF-Q8SNA8-F1-model_v6,NoChainInfo,2,179,primary,afdb
AF-A0A140T9Y5-F1-model_v6,NoChainInfo,36,215,primary,afdb
AF-Q7YQB2-F1-model_v6,NoChainInfo,25,204,primary,afdb
AF-C1K0Y1-F1-model_v6,NoChainInfo,25,204,primary,afdb
AF-A0A583ZBE1-F1-model_v6,NoChainInfo,25,204,primary,afdb
AF-A0A8F4GDV6-F1-model_v6,NoChainInfo,2,179,primary,afdb
AF-Q5W3L5-F1-model_v6,NoChainInfo,25,204,primary,afdb
AF-A0A4D6P130-F1-model_v6,NoChainInfo,25,204,primary,afdb
AF-A0A583ZC31-F1-model_v6,NoChainInfo,25,204,primary,afdb
AF-A0A140T912-F1-model_v6,NoChainInfo,25,204,primary,afdb
AF-A0A140T962-F1-model_v6,NoChainInfo,25,204,primary,afdb
AF-Q5RJ85-F1-model_v6,NoChainInfo,30,209,primary,afdb
AF-Q29985-F1-model_v6,NoChainInfo,25,204,primary,afdb
AF-A0A583ZC12-F1-model_v6,NoChainInfo,25,204,primary,afdb
AF-A0A8F4GAC3-F1-model_v6,NoChainInfo,25,204,primary,afdb
AF-O19677-F1-model_v6,NoChainInfo,6,185,primary,afdb
AF-A0A0G2JH50-F1-model_v6,NoChainInfo,25,204,primary,afdb
AF-A3F718-F1-model_v6,NoChainInfo,11,190,primary,afdb
AF-C5J403-F1-model_v6,NoChainInfo,25,204,primary,afdb
AF-C6K6J1-F1-model_v6,NoChainInfo,25,204,primary,afdb
AF-Q29941-F1-model_v6,NoChainInfo,25,203,primary,afdb
AF-A0A2I8B374-F1-model_v6,NoChainInfo,25,204,primary,afdb
AF-A0A583ZC24-F1-model_v6,NoChainInfo,25,204,primary,afdb
AF-Q9MY34-F1-model_v6,NoChainInfo,25,204,primary,afdb
AF-A0A858LG55-F1-model_v6,NoChainInfo,25,204,primary,afdb
AF-Q6UV35-F1-model_v6,NoChainInfo,25,204,primary,afdb
AF-A0A583ZBE6-F1-model_v6,NoChainInfo,25,204,primary,afdb
AF-Q8MH48-F1-model_v6,NoChainInfo,25,204,primary,afdb
AF-O19617-F1-model_v6,NoChainInfo,25,204,primary,afdb
AF-A0A2R7Z5J3-F1-model_v6,NoChainInfo,25,203,primary,afdb
AF-A0A583ZBA0-F1-model_v6,NoChainInfo,25,204,primary,afdb
AF-Q9MYI6-F1-model_v6,NoChainInfo,25,203,primary,afdb
AF-A0A583ZBW2-F1-model_v6,NoChainInfo,4,183,primary,afdb
AF-Q5TK75-F1-model_v6,NoChainInfo,25,204,primary,afdb
AF-A0A0A8LC14-F1-model_v6,NoChainInfo,25,204,primary,afdb
AF-Q95HC2-F1-model_v6,NoChainInfo,24,203,primary,afdb
AF-Q5D1W8-F1-model_v6,NoChainInfo,25,204,primary,afdb
AF-A0A140T9B3-F1-model_v6,NoChainInfo,25,204,primary,afdb
AF-A0A140T9H5-F1-model_v6,NoChainInfo,25,204,primary,afdb
AF-C9E8V9-F1-model_v6,NoChainInfo,25,204,primary,afdb
AF-Q9MYA2-F1-model_v6,NoChainInfo,25,204,primary,afdb
AF-Q2UV93-F1-model_v6,NoChainInfo,2,179,primary,afdb
AF-Q53X46-F1-model_v6,NoChainInfo,25,204,primary,afdb
AF-Q95HL2-F1-model_v6,NoChainInfo,2,179,primary,afdb
AF-A0A1V0E5B5-F1-model_v6,NoChainInfo,25,204,primary,afdb
AF-Q29849-F1-model_v6,NoChainInfo,25,204,primary,afdb
AF-Q8SNB1-F1-model_v6,NoChainInfo,2,179,primary,afdb
AF-C1K0Y0-F1-model_v6,NoChainInfo,25,204,primary,afdb
AF-A0A4Y5ULJ4-F1-model_v6,NoChainInfo,25,204,primary,afdb
AF-A0A140T9J9-F1-model_v6,NoChainInfo,25,204,primary,afdb
AF-A0A140T930-F1-model_v6,NoChainInfo,25,204,primary,afdb
AF-A0A583ZBW3-F1-model_v6,NoChainInfo,25,204,primary,afdb
AF-A0A583ZBX2-F1-model_v6,NoChainInfo,25,204,primary,afdb
AF-A0A140T9U8-F1-model_v6,NoChainInfo,25,204,primary,afdb
AF-Q29911-F1-model_v6,NoChainInfo,25,204,primary,afdb
AF-A0A866W3F9-F1-model_v6,NoChainInfo,2,179,primary,afdb
AF-A0A173AD40-F1-model_v6,NoChainInfo,25,204,primary,afdb
AF-Q6Q0M4-F1-model_v6,NoChainInfo,2,179,primary,afdb
AF-A0A140T997-F1-model_v6,NoChainInfo,36,215,primary,afdb
AF-Q5QT33-F1-model_v6,NoChainInfo,25,204,primary,afdb
AF-Q95HN1-F1-model_v6,NoChainInfo,25,203,primary,afdb
AF-A0A5C1JQH2-F1-model_v6,NoChainInfo,26,204,primary,afdb
AF-A0A866W2K2-F1-model_v6,NoChainInfo,25,204,primary,afdb
AF-A0A583ZBB1-F1-model_v6,NoChainInfo,22,201,primary,afdb
AF-F4NBP7-F1-model_v6,NoChainInfo,25,204,primary,afdb
AF-Q8WLS1-F1-model_v6,NoChainInfo,25,204,primary,afdb
AF-O02927-F1-model_v6,NoChainInfo,2,179,primary,afdb
AF-O78164-F1-model_v6,NoChainInfo,25,204,primary,afdb
AF-Q2L6G3-F1-model_v6,NoChainInfo,25,204,primary,afdb
AF-O02923-F1-model_v6,NoChainInfo,2,179,primary,afdb
AF-O02929-F1-model_v6,NoChainInfo,2,179,primary,afdb
AF-O02924-F1-model_v6,NoChainInfo,2,179,primary,afdb
AF-O02928-F1-model_v6,NoChainInfo,2,179,primary,afdb
AF-A0A1L2BLQ5-F1-model_v6,NoChainInfo,2,179,primary,afdb
AF-A0A2Z4LG72-F1-model_v6,NoChainInfo,2,179,primary,afdb
AF-Q2L6G2-F1-model_v6,NoChainInfo,25,204,primary,afdb
AF-A0A583ZBW8-F1-model_v6,NoChainInfo,25,204,primary,afdb
AF-O02926-F1-model_v6,NoChainInfo,2,179,primary,afdb
AF-A0A142JA41-F1-model_v6,NoChainInfo,25,204,primary,afdb
AF-O02925-F1-model_v6,NoChainInfo,2,179,primary,afdb
AF-A0A583ZC10-F1-model_v6,NoChainInfo,2,179,primary,afdb
AF-Q2LC92-F1-model_v6,NoChainInfo,21,199,primary,afdb
AF-A0A140T9J8-F1-model_v6,NoChainInfo,22,201,primary,afdb
AF-S6BVK3-F1-model_v6,NoChainInfo,25,203,primary,afdb
AF-A0A0G2JNV5-F1-model_v6,NoChainInfo,22,201,primary,afdb
AF-D5H3J5-F1-model_v6,NoChainInfo,25,203,primary,afdb
AF-A0A583ZBS2-F1-model_v6,NoChainInfo,25,204,primary,afdb
AF-A0A583ZBV7-F1-model_v6,NoChainInfo,2,179,primary,afdb
AF-Q8MGZ8-F1-model_v6,NoChainInfo,2,179,primary,afdb
AF-C5IYE8-F1-model_v6,NoChainInfo,25,204,primary,afdb
AF-Q29988-F1-model_v6,NoChainInfo,25,204,primary,afdb
AF-A0A0B7MGD5-F1-model_v6,NoChainInfo,25,203,primary,afdb
AF-P13747-F1-model_v6,NoChainInfo,22,200,primary,afdb
AF-Q860B7-F1-model_v6,NoChainInfo,2,179,primary,afdb
AF-Q29642-F1-model_v6,NoChainInfo,2,179,primary,afdb
AF-Q29939-F1-model_v6,NoChainInfo,12,190,primary,afdb
AF-P01893-F1-model_v6,NoChainInfo,25,204,primary,afdb
AF-A0A2Z4LG78-F1-model_v6,NoChainInfo,2,179,primary,afdb
AF-A0A140T8X0-F1-model_v6,NoChainInfo,22,201,primary,afdb
AF-A0A0G2JPA3-F1-model_v6,NoChainInfo,22,201,primary,afdb
AF-A0A140T9V0-F1-model_v6,NoChainInfo,22,201,primary,afdb
AF-Q861F0-F1-model_v6,NoChainInfo,18,197,primary,afdb
AF-D0EV57-F1-model_v6,NoChainInfo,22,201,primary,afdb
AF-A0A140T9B7-F1-model_v6,NoChainInfo,22,200,primary,afdb
AF-Q861E9-F1-model_v6,NoChainInfo,18,197,primary,afdb
AF-A0A0G2JH66-F1-model_v6,NoChainInfo,22,201,primary,afdb
AF-P30511-F1-model_v6,NoChainInfo,22,201,primary,afdb
AF-A0A8C8PVM5-F1-model_v6,NoChainInfo,23,198,primary,afdb
AF-A0AAQ5BHP7-F1-model_v6,NoChainInfo,26,201,primary,afdb
AF-C9JEV0-F1-model_v6,NoChainInfo,23,198,primary,afdb
AF-A0AAQ5BHM4-F1-model_v6,NoChainInfo,26,201,primary,afdb
AF-F8W7W8-F1-model_v6,NoChainInfo,26,201,primary,afdb
AF-H7C4K4-F1-model_v6,NoChainInfo,26,201,primary,afdb
AF-Q30201-F1-model_v6,NoChainInfo,26,201,primary,afdb
AF-Q4V753-F1-model_v6,NoChainInfo,29,206,primary,afdb
AF-Q4V9S8-F1-model_v6,NoChainInfo,29,206,primary,afdb
AF-Q8N5T0-F1-model_v6,NoChainInfo,7,183,primary,afdb
AF-C9JAK3-F1-model_v6,NoChainInfo,29,206,primary,afdb
AF-Q6H3X3-F1-model_v6,NoChainInfo,29,206,primary,afdb
AF-P06126-F1-model_v6,NoChainInfo,23,199,primary,afdb
AF-Q5VY80-F1-model_v6,NoChainInfo,29,206,primary,afdb
AF-Q9BZM5-F1-model_v6,NoChainInfo,29,206,primary,afdb
AF-A0A669KB34-F1-model_v6,NoChainInfo,24,199,primary,afdb
AF-Q9BZM4-F1-model_v6,NoChainInfo,31,207,primary,afdb
AF-Q9BZM6-F1-model_v6,NoChainInfo,30,206,primary,afdb
AF-Q9UNN8-F1-model_v6,NoChainInfo,24,202,primary,afdb
AF-P29016-F1-model_v6,NoChainInfo,24,200,primary,afdb