pdb_id,binder,ligand,comment
8rlv,yes,yes,
3x11,no,yes,
1qse,yes,yes,
3bzf,no,yes,
7p49,no,yes,
1bd2,yes,yes,
7lfz,no,yes,
5jzi,yes,yes,
7ndt,yes,yes,
7bh8,yes,yes,
3x12,no,yes,
6j1w,no,yes,
7ejl,no,yes,
3vxu,yes,yes,
7tud,no,yes,
1p7q,no,yes,
5eo1,no,yes,
6p27,no,yes,
3gsn,yes,yes,
1t22,no,yes,
2d31,no,yes,
1t1y,no,yes,
3fqu,no,yes,
7ow6,yes,yes,
7um2,no,yes,
8zv9,no,yes,
5vvp,no,yes,
6zkw,yes,yes,
7lg0,no,yes,
1hhk,no,yes,
5xov,yes,yes,
1t1z,no,yes,
7zuc,no,yes,
7sis,no,yes,
5txs,no,yes,
5vwd,no,yes,
6z9w,no,yes,
5wwu,no,yes,
8ye4,yes,yes,
7nme,yes,yes,
3vxs,yes,yes,
5vwf,no,yes,
6p23,no,yes,
4f7p,no,yes,
5hhq,no,yes,
7bbg,yes,yes,
7rtd,no,yes,
2esv,yes,yes,
4no0,no,yes,
5hgb,no,yes,
7nmd,no,yes,
1a9e,no,yes,
7n6e,yes,yes,
7u1r,no,yes,
7p4b,no,yes,
7jyx,no,yes,
1q94,no,yes,
2f54,yes,yes,
4qok,yes,yes,
5xot,yes,yes,
1t21,no,yes,
3rl2,no,yes,
7tr4,yes,yes,
6mtm,yes,yes,
7mja,no,yes,
3gsw,no,yes,
1akj,no,yes,
1qsf,yes,yes,
5w6a,no,yes,
3fqt,no,yes,
4f7m,no,yes,
1hhh,no,yes,
1t1x,no,yes,
8qfy,yes,yes,
7ndq,yes,yes,
6w51,no,yes,
8en8,yes,yes,
6j2a,no,yes,
7s8s,no,yes,
5wjl,no,yes,
7s7e,no,yes,
6uz1,no,yes,
7wj2,no,yes,
3d3v,yes,yes,
7f4w,no,yes,
3i6l,no,yes,
1xr9,no,yes,
2xpg,no,yes,
3pwp,yes,yes,
6j1v,no,yes,
3kxf,yes,yes,
1i4f,no,yes,
8ryo,yes,yes,
6mt3,no,yes,
3v5k,no,yes,
6uk2,no,yes,
7kgo,no,yes,
7rtr,yes,yes,
3wlb,no,yes,
8rbv,no,yes,
6uj7,no,yes,
6ghn,no,yes,
1t1w,no,yes,
7jyu,no,yes,
8xkc,no,yes,
6vm8,yes,yes,
6zkz,yes,yes,
4qrr,yes,yes,
3vxp,no,yes,
5wsh,no,yes,
5wwj,no,yes,
5vz5,no,yes,
7nui,yes,yes,
5hhn,no,yes,
1s8d,no,yes,
7rk7,yes,yes,
4jfp,no,yes,
6zky,yes,yes,
8i5d,yes,yes,
1duy,no,yes,
3utt,yes,yes,
7pbe,yes,yes,
3h9s,yes,yes,
4o2f,no,yes,
1a9b,no,yes,
6zkx,yes,yes,
1ydp,no,yes,
7ejm,no,yes,
3v5d,no,yes,
3qfj,yes,yes,
2nx5,yes,yes,
6uli,no,yes,
7lg2,no,yes,
1cg9,no,yes,
6ggm,no,yes,
5enw,no,yes,
7s8q,no,yes,
3wl9,no,yes,
1s9y,no,yes,
2clr,no,yes,
5iue,no,yes,
3mgt,no,yes,
5f9j,no,yes,
3ox8,no,yes,
1e27,no,yes,
3ft2,no,yes,
3fqw,no,yes,
1t20,no,yes,
3c9n,no,yes,
4wu5,no,yes,
2bvp,no,yes,
4nqv,no,yes,
7kgs,no,yes,
6aee,no,yes,
6jp3,no,yes,
5hga,no,yes,
1hhg,no,yes,
4jff,yes,yes,
7n2r,yes,yes,
8elg,no,yes,
5nmk,no,yes,
1mhe,no,yes,
6gh4,no,yes,
8rym,yes,yes,
5d9s,no,yes,
7lg3,no,yes,
6mpp,no,yes,
3vxn,no,yes,
8rlt,yes,yes,
8enh,yes,yes,
7n1b,no,yes,
8rh6,no,yes,
7sa2,no,yes,
5im7,no,yes,
8rng,no,yes,
6d2b,no,yes,
7s8f,no,yes,
7kgp,no,yes,
1eey,no,yes,
2x4n,no,yes,
7n1e,yes,yes,
5w1v,yes,yes,
8rop,no,yes,
8rhq,no,yes,
7s79,no,yes,
6p2s,no,yes,
4f7t,no,yes,
5jhd,yes,yes,
7wt4,no,yes,
1qvo,no,yes,
1qew,no,yes,
4o2c,no,yes,
2f53,yes,yes,
7s7f,no,yes,
7kgq,no,yes,
3o3b,no,yes,
1s9x,no,yes,
2uwe,yes,yes,
5hgd,no,yes,
6vb1,no,yes,
1lp9,yes,yes,
8ryq,yes,yes,
6tdq,NA,NA,NoContacts
7rzd,no,yes,
3rew,no,yes,
5isz,yes,yes,
7wkj,no,yes,
6avf,yes,yes,
5wjn,no,yes,
8ryp,yes,yes,
8xfz,no,yes,
6gl1,no,yes,
6uzq,no,yes,
1qrn,yes,yes,
6mt4,no,yes,
5eu3,no,yes,
5fdw,no,yes,
8e13,no,yes,
6tdr,NA,NA,NoContacts
6uzs,no,yes,
3fqx,no,yes,
6vm9,yes,yes,
3ft4,no,yes,
6am5,yes,yes,
8ryn,yes,yes,
8roo,no,yes,
6pag,yes,yes,
4no5,no,yes,
5hyj,yes,yes,
5w69,no,yes,
6id4,no,yes,
7mkb,no,yes,
8eb2,yes,yes,
7nmf,yes,yes,
8dvg,no,yes,
8gon,yes,yes,
7ow4,no,yes,
7p3d,no,yes,
7p3e,no,yes,
6joz,no,yes,
1hsb,no,yes,
3mgo,no,yes,
8rlu,yes,yes,
6gh1,no,yes,
5v5l,no,yes,
4n8v,yes,yes,
3h9h,no,yes,
6amt,no,yes,
1i7t,no,yes,
1hhi,no,yes,
7s8e,no,yes,
4jfe,yes,yes,
7pb2,yes,yes,
3nfn,no,yes,
5hgh,no,yes,
5t6y,no,yes,
5vue,no,yes,
7mj7,no,yes,
8i5c,yes,yes,
7s7d,no,yes,
5wkf,yes,yes,
4nqx,no,yes,
6j29,no,yes,
4prn,no,yes,
5hhm,yes,yes,
3oxr,no,yes,
7mj9,no,yes,
6jtp,no,yes,
5vuf,no,yes,
5t6x,no,yes,
5c07,yes,yes,
3gjf,yes,yes,
7lgd,no,yes,
5brz,yes,yes,
5c0c,yes,yes,
8isn,no,yes,
3vfn,no,yes,
7kgt,no,yes,
3o4l,yes,yes,
5w1w,yes,yes,
2x70,no,yes,
6z9x,no,yes,
2bvo,no,yes,
3gso,no,yes,
6p64,yes,yes,
6p2c,no,yes,
4xxc,no,yes,
7s8a,no,yes,
9bl6,yes,yes,
6ssa,no,yes,
8tbw,no,yes,
3vfp,no,yes,
7ow5,yes,yes,
2vll,no,yes,
7jyv,no,yes,
3mrb,no,yes,
5swq,no,yes,
8rbu,no,yes,
3pwl,no,yes,
3x13,no,yes,
2x4s,no,yes,
4g8g,yes,yes,
3ixa,no,yes,
7pbc,yes,yes,
6rp9,yes,yes,
7wj3,no,yes,
7t5m,no,yes,
3vfu,no,yes,
6q3s,no,yes,
1a1n,no,yes,
5hho,yes,yes,
4jqv,no,yes,
6uj8,no,yes,
8f5a,yes,yes,
3ln4,no,yes,
4mnq,yes,yes,
7r7x,no,yes,
6vb2,no,yes,
8xg2,no,yes,
6r2l,yes,yes,
8sbk,no,yes,
4wuu,yes,yes,
5e00,no,yes,
5fa4,no,yes,
8e8i,no,yes,
6mt6,no,yes,
3mrq,no,yes,
8tuh,no,yes,
1w72,yes,yes,
6g3j,no,yes,
8shi,yes,yes,
6o4z,no,yes,
2vlk,yes,yes,
2p5e,yes,yes,
4o2e,no,yes,
7lgt,no,yes,
6o4y,no,yes,
3pwn,no,yes,
4lcy,NA,NA,NoContacts
6pte,no,yes,
5c08,yes,yes,
5e9d,yes,yes,
5hhp,no,yes,
2gj6,yes,yes,
3mrm,no,yes,
6rsy,yes,yes,
6tro,yes,yes,
8xes,no,yes,
4pra,no,yes,
8fu4,no,yes,
6bxp,no,yes,
3hpj,no,yes,
2dyp,no,yes,
3o3e,no,yes,
3v5h,no,yes,
5wkh,yes,yes,
3sjv,yes,yes,
3bxn,no,yes,
6o9c,no,yes,
3bh8,no,yes,
8i5e,no,yes,
3vrj,no,yes,
5wmp,no,yes,
1i1f,no,yes,
6trn,no,yes,
3vfv,no,yes,
8tbv,no,yes,
6ss9,no,yes,
8u9g,no,yes,
5men,yes,yes,
5wmn,no,yes,
7wt5,no,yes,
3d39,yes,yes,
7l1c,no,yes,
5iro,yes,yes,
6v2p,no,yes,
1s9w,no,yes,
5n6b,no,yes,
6vma,yes,yes,
7wzz,no,yes,
3ln5,no,yes,
3gsx,no,yes,
8eo8,yes,yes,
5v5m,no,yes,
8emg,no,yes,
7rm4,yes,yes,
7rrg,yes,yes,
2av1,no,yes,
7dzn,yes,yes,
4u6y,no,yes,
7srk,NA,NA,NoContacts
5c0b,yes,yes,
8erx,no,yes,
8es9,yes,yes,
6vb0,no,yes,
8e2z,no,yes,
4u1i,no,yes,
2guo,no,yes,
3l3k,no,yes,
3uts,yes,yes,
9bl5,yes,yes,
4uq3,no,yes,
5wxc,no,yes,
5t6w,no,yes,
6jtn,no,yes,
1oga,yes,yes,
6d2t,no,yes,
6pbh,no,yes,
5ieh,no,yes,
1b0g,no,yes,
7rzj,no,yes,
6mtl,no,yes,
3mr9,no,yes,
1b0r,no,yes,
3gsq,no,yes,
2gtw,no,yes,
3mrc,no,yes,
3hcv,no,yes,
6ewc,no,yes,
1agf,no,yes,
4jrx,yes,yes,
8es8,yes,yes,
3i6g,no,yes,
4l29,no,yes,
6bj2,yes,yes,
7wt3,no,yes,
4i4w,no,yes,
7ndu,yes,yes,
5eu4,no,yes,
6vb7,no,yes,
3kpo,no,yes,
3pwj,no,yes,
7n6d,no,yes,
4e5x,yes,yes,
5c09,yes,yes,
1agd,no,yes,
7kgr,no,yes,
1ao7,yes,yes,
7sih,no,yes,
3gsr,no,yes,
3h7b,no,yes,
7q98,no,yes,
1tvh,no,yes,
3gsu,no,yes,
3bze,no,yes,
7ejn,no,yes,
8rji,no,yes,
3mrj,no,yes,
2j8u,yes,yes,
4ftv,yes,yes,
3hae,yes,yes,
6uzn,no,yes,
1qr1,no,yes,
6v3j,yes,yes,
5nmf,yes,yes,
7q9a,yes,yes,
7jyw,no,yes,
2av7,no,yes,
6pyv,no,yes,
7n1f,yes,yes,
6vm7,yes,yes,
8emk,no,yes,
6d2r,no,yes,
7u21,no,yes,
6tdp,NA,NA,NoContacts
5ddh,no,yes,
7m8t,no,yes,
3vfs,no,yes,
3vri,no,yes,
6z9v,no,yes,
4u1l,no,yes,
7nmg,yes,yes,
2bck,no,yes,
2rfx,no,yes,
6uj9,yes,yes,
8ek5,yes,yes,
2bnr,yes,yes,
1age,no,yes,
7qpj,yes,yes,
5euo,yes,yes,
3ft3,no,yes,
3mrh,no,yes,
7q9b,yes,yes,
5n1y,no,yes,
6ujo,no,yes,
4gks,no,yes,
6vb6,no,yes,
3l3j,no,yes,
7sr5,NA,NA,NoContacts
5eot,no,yes,
7sif,no,yes,
5mep,no,yes,
4qrs,no,yes,
6iex,no,yes,
3kyn,no,yes,
4hwz,no,yes,
7mj8,no,yes,
3bhb,no,yes,
8rnh,no,yes,
6ss7,no,yes,
6p2f,no,yes,
5fa3,no,yes,
3kpp,no,yes,
8udr,yes,yes,
4mji,yes,yes,
7n2o,yes,yes,
1i7u,no,yes,
8sbl,no,yes,
3lko,no,yes,
3rl1,no,yes,
3hg1,yes,yes,
4nny,no,yes,
3vxm,yes,yes,
1i7r,no,yes,
5c0e,no,yes,
6uzp,no,yes,
5w67,no,yes,
7su9,no,yes,
6vb5,no,yes,
4jry,yes,yes,
2hjl,no,yes,
3lkn,no,yes,
2jcc,yes,yes,
6ulk,no,yes,
3mrg,no,yes,
7mj6,no,yes,
3mv9,yes,yes,
6xqa,no,yes,
8tub,no,yes,
5c0f,no,yes,
3mrp,no,yes,
4u6x,no,yes,
3mro,no,yes,
5wmo,no,yes,
5c0d,no,yes,
3gsv,no,yes,
3utq,no,yes,
1jf1,no,yes,
2bnq,yes,yes,
3qfd,no,yes,
3bh9,no,yes,
6vmx,yes,yes,
4mj6,no,yes,
6uzo,no,yes,
1n2r,no,yes,
7q99,yes,yes,
8emj,no,yes,
5tez,yes,yes,
3fqn,no,yes,
7sr0,NA,NA,NoContacts
3vfr,no,yes,
7n2s,yes,yes,
2hn7,no,yes,
3oxs,no,yes,
3o3a,no,yes,
6opd,no,yes,
6amu,yes,yes,
6ewo,no,yes,
4i48,no,yes,
5ind,no,yes,
3kla,no,yes,
3bwa,no,yes,
6bxq,no,yes,
6o9b,no,yes,
4wj5,no,yes,
7sr3,NA,NA,NoContacts
4qrp,yes,yes,
5eu6,yes,yes,
5inc,no,yes,
9bl2,yes,yes,
7x1c,no,yes,
3mrk,no,yes,
8esh,no,yes,
5vwj,no,yes,
4pr5,no,yes,
1x7q,no,yes,
3lkp,no,yes,
6ss8,no,yes,
3vxo,no,yes,
8rne,no,yes,
6vb4,no,yes,
6viu,no,yes,
3mre,no,yes,
9dl1,yes,yes,
2axg,no,yes,
3qzw,no,yes,
6at5,no,yes,
3to2,no,yes,
1mi5,yes,yes,
3fqr,no,yes,
7yg3,no,yes,
8xke,no,yes,
3kpq,no,yes,
6vqz,no,yes,
7sr4,NA,NA,NoContacts
6mt5,no,yes,
3kyo,no,yes,
1k5n,no,yes,
4jfd,yes,yes,
7mle,no,yes,
7n2p,yes,yes,
6eqa,yes,yes,
3mrf,no,yes,
8emf,no,yes,
3dx6,no,yes,
3mrr,no,yes,
3vxr,yes,yes,
3myj,no,yes,
3mrd,no,yes,
5meo,no,yes,
7xf3,no,yes,
5vud,no,yes,
5t6z,yes,yes,
1agb,no,yes,
7n1a,no,yes,
6o51,no,yes,
3am8,no,yes,
5eu5,no,yes,
6bj3,yes,yes,
5nmh,no,yes,
2fz3,no,yes,
6vqy,no,yes,
6tdo,NA,NA,NoContacts
2v2x,no,yes,
6rpb,yes,yes,
5eo0,no,yes,
3qdm,yes,yes,
8rnf,no,yes,
4l3e,yes,yes,
3mrn,no,yes,
4hx1,no,yes,
6jto,no,yes,
4nt6,no,yes,
3giv,no,yes,
4wu7,no,yes,
6vmc,yes,yes,
8elh,no,yes,
1agc,no,yes,
6avg,yes,yes,
3d25,no,yes,
3spv,no,yes,
4u1m,no,yes,
4pri,yes,yes,
5c0j,no,yes,
1duz,no,yes,
1a1o,no,yes,
6v2q,no,yes,
7ow3,no,yes,
7tuc,no,yes,
5c0a,yes,yes,
8v51,yes,yes,
8rjh,no,yes,
1tvb,no,yes,
2git,no,yes,
5f7d,no,yes,
5yxn,yes,yes,
7tlt,no,yes,
3vfw,no,yes,
6d7g,yes,no,
8frt,NA,NA,NoContacts
3mri,no,yes,
2gt9,no,yes,
6uln,yes,yes,
5bs0,yes,yes,
6pyj,no,yes,
1im3,yes,yes,
3i6k,no,yes,
2h6p,no,yes,
3vft,no,yes,
7r7v,no,yes,
8fja,yes,yes,
7m8u,no,yes,
4prp,yes,yes,
7m8s,no,yes,
3sko,no,yes,
3dx7,no,yes,
1xh3,no,yes,
3x14,no,yes,
3bw9,no,yes,
5knm,no,yes,
7sig,no,yes,
5c0g,no,yes,
2ypl,yes,yes,
5u98,no,yes,
2v2w,no,yes,
5nqk,yes,yes,
6ptb,no,yes,
2gtz,no,yes,
5wxd,no,yes,
4nnx,no,yes,
9bla,yes,yes,
8emi,no,yes,
5wwi,no,yes,
7x00,no,yes,
5nht,yes,yes,
7ur1,no,yes,
3l3g,no,yes,
3bgm,no,yes,
4no2,no,yes,
6uk4,no,yes,
7l1b,no,yes,
4u1n,no,yes,
1sys,no,yes,
1eez,no,yes,
5c0i,no,yes,
7n2n,yes,yes,
3w39,no,yes,
2x4p,no,yes,
7s8r,no,yes,
4prb,no,yes,
7stg,NA,NA,NoContacts
1syv,no,yes,
3w0w,yes,yes,
7dzm,yes,yes,
4prh,yes,yes,
3kpl,no,yes,
6ulr,yes,yes,
6o53,no,yes,
6ujq,no,yes,
3bvn,no,yes,
6vrm,yes,yes,
2fyy,no,yes,
6tds,NA,NA,NoContacts
1jht,no,yes,
5vwh,no,yes,
2vlj,yes,yes,
1e28,no,yes,
7uc5,no,yes,
5yxu,yes,yes,
2x4q,no,yes,
4no3,no,yes,
3cdg,yes,yes,
8wul,yes,yes,
3d18,no,yes,
4uq2,no,yes,
1zhk,no,yes,
8vcl,no,yes,
6d29,no,yes,
4u1j,no,yes,
7l1d,yes,yes,
8cx4,yes,yes,
4u1s,no,yes,
3lkq,no,yes,
6rpa,yes,yes,
8gom,yes,yes,
6e1i,NA,NA,NoContacts
5nme,yes,yes,
6vr5,no,yes,
3kpm,no,yes,
7tue,yes,no,
3ffc,yes,yes,
7pdw,yes,yes,
4mj5,no,yes,
6at9,no,yes,
1xr8,no,yes,
4jfq,no,yes,
7re8,no,yes,
3dtx,yes,yes,
5t70,yes,yes,
7r7w,no,yes,
6vq2,no,yes,
6dkp,yes,yes,
9asf,no,yes,
2x4t,no,yes,
7k81,yes,yes,
5iek,no,yes,
3dx8,no,yes,
5gsd,no,yes,
6vqo,yes,yes,
6v2o,no,yes,
6pz5,no,yes,
5meq,no,yes,
4lnr,no,yes,
4jfo,no,yes,
6k60,no,yes,
4pre,no,yes,
8ref,no,yes,
6uzm,no,yes,
3lks,no,yes,
6bj8,yes,yes,
3mrl,no,yes,
1zsd,no,yes,
4qrq,no,yes,
3mv7,yes,yes,
1jgd,no,yes,
6tmo,yes,yes,
7r80,yes,yes,
7k80,yes,yes,
6q3k,no,yes,
1zhl,no,yes,
2ypk,no,yes,
3vcl,no,yes,
7r7y,no,yes,
8f7m,no,yes,
8dnt,yes,yes,
1w0w,no,yes,
7phr,yes,yes,
5vgd,no,yes,
8wte,yes,yes,
7stf,yes,yes,
7eu2,no,yes,
9asg,no,yes,
6vr1,no,yes,
1m6o,no,yes,
9bl3,yes,yes,
6ewa,no,yes,
5xos,no,yes,
6pyl,no,yes,
6y26,no,yes,
7st3,NA,NA,NoContacts
5def,no,yes,
2ak4,yes,yes,
1i1y,no,yes,
5wmq,no,yes,
6nca,no,yes,
4u1h,no,yes,
3vh8,yes,yes,
1w0v,no,yes,
5grg,no,yes,
2hjk,no,yes,
3vfo,no,yes,
7ssh,NA,NA,NoContacts
3l3i,no,yes,
6pa1,yes,yes,
3hla,NA,NA,NoContacts
2x4o,no,yes,
9c6x,NA,NA,NoContacts
1hhj,no,yes,
7alo,no,yes,
5b38,yes,yes,
7sqp,NA,NA,NoContacts
6eny,yes,no,
2pye,yes,yes,
3kps,yes,yes,
3lkr,no,yes,
6vqe,no,yes,
3b3i,no,yes,
5grd,no,yes,
6g3k,no,yes,
2x4r,no,yes,
8gvb,yes,yes,
8vjz,no,yes,
4prd,no,yes,
4l3c,no,yes,
6d78,yes,yes,
8v4z,yes,yes,
6vrn,yes,yes,
8tnj,yes,no,
5nmg,yes,yes,
9bl9,yes,yes,
4qru,no,yes,
3kpr,yes,yes,
2cik,no,yes,
4k7f,no,yes,
7t0l,no,yes,
3kww,no,yes,
2bvq,no,yes,
3vfm,no,yes,
2bss,no,yes,
3l3d,no,yes,
2nw3,no,yes,
7x1b,no,yes,
3qdg,yes,yes,
4jqx,no,yes,
5mer,no,yes,
3dxa,yes,yes,
2bst,no,yes,
4qrt,no,yes,
9bl4,yes,yes,
8rj5,yes,yes,
6vb3,no,yes,
8fjb,yes,yes,
5d2l,yes,yes,
6eqb,yes,yes,
6pyw,no,yes,
3qeq,yes,yes,
7cir,no,yes,
5ib5,no,yes,
2p5w,yes,yes,
3mv8,yes,yes,
3wuw,yes,yes,
5b39,yes,yes,
3upr,no,yes,
3o3d,no,yes,
8gvg,yes,yes,
2c7u,no,yes,
4gkn,no,yes,
1ktl,no,yes,
6y2b,no,yes,
2x4u,no,yes,
3skm,no,yes,
8rcv,no,yes,
6y29,no,yes,
4eup,yes,yes,
3lv3,no,yes,
2axf,no,yes,
3bp7,no,yes,
3kpn,no,yes,
1tmc,no,yes,
3qdj,yes,yes,
5wmr,no,yes,
7re7,yes,yes,
5deg,no,yes,
5ib1,no,yes,
4g9d,no,yes,
8vra,yes,yes,
2vlr,yes,yes,
3bp4,no,yes,
6vqd,no,yes,
8hn4,no,yes,
1m05,no,yes,
7dyn,no,yes,
6y28,no,yes,
7cis,no,yes,
1kpr,no,yes,
4g9f,yes,yes,
5d2n,yes,yes,
1a1m,no,yes,
3bo8,no,yes,
9c6w,NA,NA,NoContacts
6ei2,no,yes,
6y27,no,yes,
4g8i,no,yes,
8esb,no,yes,
8rro,yes,yes,
6vpz,no,yes,
6apn,NA,NA,NoContacts
1uxw,no,yes,
8yiv,yes,yes,
9c6v,NA,NA,NoContacts
3czf,no,yes,
1hsa,no,yes,
5ib4,no,yes,
2a83,no,yes,
2bsr,no,yes,
8t7r,yes,yes,
1of2,no,yes,
8vr9,yes,yes,
8t6m,yes,yes,
7ciq,no,yes,
5vge,no,yes,
6uon,yes,yes,
8yj2,yes,yes,
5ib2,no,yes,
3b6s,no,yes,
1ogt,no,yes,
7n2q,yes,yes,
6y2a,no,yes,
8v50,yes,yes,
8gvi,yes,yes,
3cii,yes,yes,
7qpd,yes,no,
4u1k,no,yes,
1jge,no,yes,
8esa,no,yes,
5ib3,no,yes,
1uxs,no,yes,
2hla,NA,NA,NoContacts
8ec5,no,yes,
8vrb,yes,yes,
1qqd,no,yes,
7duu,yes,yes,
1efx,yes,yes,
8tmu,yes,yes,
3rwc,no,yes,
4zus,no,yes,
5xs3,no,yes,
1im9,yes,yes,
3rwi,no,yes,
3rwh,no,yes,
3rwd,no,yes,
1zvs,no,yes,
3rwe,no,yes,
4zuw,no,yes,
3rwf,no,yes,
5e6i,yes,yes,
4zuu,no,yes,
3rwj,no,yes,
6iwg,no,yes,
5xmf,no,yes,
4zuv,no,yes,
3jts,no,yes,
8ht1,no,yes,
7cjq,no,yes,
6l9k,no,yes,
6jq2,no,yes,
5xmm,no,yes,
6l9n,no,yes,
4zut,no,yes,
6lt6,NA,NA,NoContacts
4zfz,no,yes,
3jtt,no,yes,
8hso,no,yes,
3rwg,no,yes,
2e7l,yes,yes,
6lb2,NA,NA,NoContacts
5f1n,no,yes,
1kpv,no,yes,
6iwh,no,yes,
4huv,no,yes,
7byd,yes,yes,
5j6h,no,yes,
1s7q,no,yes,
1s7s,no,yes,
4pgd,no,yes,
5gr7,no,yes,
7wcy,no,yes,
1s7r,no,yes,
1rjy,no,yes,
7dc6,no,yes,
7xqu,no,yes,
6j2g,no,yes,
2clv,no,yes,
5j6g,no,yes,
5f1i,no,yes,
3pwu,no,yes,
6m24,no,yes,
1fzj,no,yes,
2oi9,yes,yes,
7xqs,no,yes,
1vgk,no,yes,
6j2h,no,yes,
2fwo,no,yes,
1rk0,no,yes,
1ed3,no,yes,
6j2j,no,yes,
4hkj,no,yes,
5ivx,yes,yes,
2xfx,no,yes,
6lah,NA,NA,NoContacts
3e3q,yes,yes,
1fzo,no,yes,
6l9l,yes,yes,
3ery,no,yes,
1bii,no,yes,
8hsm,no,yes,
1g7p,no,yes,
5m00,yes,yes,
3tjh,yes,yes,
7jwi,yes,yes,
4l8d,no,yes,
8d5e,no,yes,
5gsx,no,yes,
6lam,NA,NA,NoContacts
6ilg,no,yes,
3pwv,no,yes,
1kjm,no,yes,
2clz,no,yes,
4pgb,no,yes,
5jwd,no,yes,
5m02,yes,yes,
5gsr,no,yes,
4nhu,yes,no,
1t0m,no,yes,
1osz,no,yes,
6jq3,no,yes,
1n59,no,yes,
2vaa,no,yes,
1s7t,no,yes,
6g9q,yes,yes,
8d5k,no,yes,
1fzm,no,yes,
1t0n,no,yes,
1rk1,no,yes,
5trz,no,yes,
4pg9,no,yes,
3fom,no,yes,
6m2k,no,yes,
4n5e,yes,yes,
1leg,no,yes,
5mzm,no,yes,
5til,yes,yes,
4huw,yes,yes,
5m01,yes,yes,
3tid,no,yes,
8ht9,no,yes,
1juf,no,yes,
4z77,no,yes,
7ji2,no,yes,
1g6r,yes,yes,
8d5j,no,yes,
1kpu,no,yes,
6m2j,no,yes,
5gsb,no,yes,
4pv8,no,yes,
4pge,no,yes,
6nf7,no,yes,
7xqt,no,yes,
1wbx,no,yes,
3tie,no,yes,
1wbz,no,yes,
1lk2,no,yes,
4pg2,no,yes,
1rjz,no,yes,
1inq,no,yes,
1vad,no,yes,
5vcl,no,yes,
1qo3,yes,yes,
4nsk,no,yes,
4mxq,yes,yes,
1g7q,no,yes,
7p0t,no,yes,
1fzk,no,yes,
8jhw,no,yes,
6ilc,no,yes,
8hsw,no,yes,
3tbt,no,yes,
3ecb,no,yes,
7emb,no,yes,
1nan,no,yes,
1k8d,no,yes,
3tbv,no,yes,
3c8k,no,yes,
4z76,no,yes,
8tq9,no,yes,
3roo,no,yes,
5npz,no,yes,
8d5q,yes,yes,
6wl2,yes,yes,
3p9m,no,yes,
2ol3,yes,yes,
1kbg,no,yes,
6l9m,no,yes,
6j2f,no,yes,
2zok,no,yes,
8jhv,yes,yes,
7p0a,no,yes,
2vab,no,yes,
1vac,no,yes,
3cpl,no,yes,
3tfk,yes,yes,
3tby,no,yes,
6lf9,no,yes,
1lek,no,yes,
6a6h,no,yes,
8d5n,no,yes,
5weu,no,yes,
6x00,no,yes,
2fo4,no,yes,
5e8n,no,yes,
4wdi,no,yes,
1n5a,no,yes,
1zt7,no,yes,
6g9r,no,yes,
5ts1,no,yes,
2ckb,yes,yes,
3e6f,no,yes,
8tq8,yes,yes,
5jwe,no,yes,
4hux,no,yes,
3cvh,yes,yes,
3tbw,no,yes,
1qlf,no,yes,
3tbs,no,yes,
6npr,no,yes,
3quk,no,yes,
3rol,no,yes,
3qq3,no,yes,
5nq2,no,yes,
8umo,yes,yes,
5swz,yes,yes,
5gsv,no,yes,
3buy,no,yes,
3dmm,no,yes,
8p43,no,yes,
1s7x,no,yes,
5nq3,no,yes,
1nam,yes,yes,
5kd7,no,yes,
5ylx,no,yes,
3tf7,yes,yes,
6ile,no,yes,
1mwa,yes,yes,
5sws,yes,yes,
1s7w,no,yes,
3fon,no,yes,
2cii,no,yes,
5t7g,no,yes,
3cc5,no,yes,
3ch1,no,yes,
6j2d,no,yes,
6h6d,no,yes,
8d5f,no,yes,
2zsw,no,yes,
6j2e,no,yes,
4huu,yes,yes,
1ffo,no,yes,
4l8b,no,yes,
4pv9,no,yes,
1zt1,no,yes,
7n9j,no,yes,
4pgc,no,yes,
1bz9,no,yes,
4hs3,no,yes,
4l8c,no,yes,
3cch,no,yes,
1jpf,no,yes,
6wzy,no,yes,
7n5c,yes,yes,
5wli,no,yes,
1s7v,no,yes,
3ws6,no,yes,
3p4o,no,yes,
6h6h,no,yes,
1yn7,no,yes,
6k7t,no,yes,
6gb5,no,yes,
7emc,no,yes,
7em9,no,yes,
3qq4,no,yes,
3qul,no,yes,
1fg2,no,yes,
5nq0,no,yes,
5wet,no,yes,
5wes,no,yes,
5wlg,yes,yes,
4iho,no,yes,
3e6h,no,yes,
5oqi,NA,NA,NoContacts
5h94,no,yes,
7n5p,yes,yes,
6gb7,no,yes,
6ilf,no,yes,
6wl4,yes,yes,
1kj3,no,yes,
4hv8,yes,yes,
1bqh,no,yes,
1s7u,no,yes,
6j2i,no,yes,
6gb6,NA,NA,NoContacts
3l3h,no,yes,
7emd,no,yes,
3ftg,no,yes,
7ema,no,yes,
3vj6,no,yes,
1p4l,no,yes,
2ve6,no,yes,
1ffn,no,yes,
1n3n,no,yes,
7qng,yes,no,
1kj2,yes,yes,
6wl3,yes,yes,
7jwj,yes,yes,
5tje,yes,yes,
8w6l,no,yes,
6mp0,NA,NA,NoContacts
8tq7,no,yes,
7na5,yes,yes,
3tpu,yes,yes,
6kwl,no,yes,
3p4n,no,yes,
2zol,no,yes,
5opi,yes,no,
1jpg,no,yes,
1ldp,no,yes,
6kwk,no,yes,
5e8o,no,yes,
2qri,NA,NA,NoContacts
3p9l,no,yes,
1wby,no,yes,
5e8p,no,yes,
8fhu,no,yes,
3p4m,no,yes,
1yn6,no,yes,
4z78,no,yes,
2zsv,no,yes,
8fhl,no,yes,
2f74,no,yes,
1zhb,no,yes,
3fol,no,yes,
6lf8,no,yes,
1ce6,no,yes,
8jv0,no,yes,
1fo0,yes,yes,
4mvb,yes,yes,
5oqh,NA,NA,NoContacts
3rgv,yes,yes,
6kwo,no,yes,
7n4k,yes,yes,
8gqv,no,yes,
1ffp,no,yes,
5nq1,no,yes,
3pqy,yes,yes,
3e2h,yes,yes,
1ddh,no,yes,
5oqf,NA,NA,NoContacts
5oqg,NA,NA,NoContacts
6kwn,no,yes,
2qrt,NA,NA,NoContacts
5kd4,no,yes,
4n0c,yes,yes,
8gqw,no,yes,
3pab,no,yes,
7n5q,no,yes,
2qrs,NA,NA,NoContacts
8tqa,no,yes,
1hoc,no,yes,
3ws3,no,yes,
5wer,yes,no,
2mha,no,yes,
9c3e,yes,no,
6mp1,NA,NA,NoContacts
3nwm,NA,NA,NoContacts
1hla,NA,NA,NoHelixDSSP
1kjv,no,yes,
1ld9,no,yes,
7lfm,no,yes,
7lfi,no,yes,
7lfl,no,yes,
7edo,no,yes,
7lfk,no,yes,
4ms8,yes,yes,
7lfj,no,yes,
1mhc,no,yes,
1nez,NA,NA,NoContacts
4g43,no,yes,
5ymw,no,yes,
5gjy,no,yes,
8y74,no,yes,
5ymv,no,yes,
8j4g,no,yes,
4cvx,no,yes,
8kb0,no,yes,
6lhg,no,yes,
1p1z,no,yes,
5gjx,no,yes,
4e0r,no,yes,
7wbg,no,yes,
3bew,no,yes,
8kcv,no,yes,
6pui,yes,no,
5u1r,yes,no,
5u72,yes,no,
6pul,yes,no,
3bev,no,yes,
5u16,yes,no,
6pud,yes,no,
5h5z,no,yes,
8kb1,no,yes,
6xqp,yes,no,
6kyu,no,yes,
7zt8,yes,no,
9btx,yes,no,
4g42,no,yes,
8wo9,no,yes,
5y91,no,yes,
5u6q,yes,no,
4nqd,NA,NA,NoContacts
6pum,yes,no,
4l4v,yes,no,
6puc,yes,no,
6puj,yes,no,
9cgs,yes,no,
6w9u,yes,no,
6puh,yes,no,
6irl,no,yes,
9cgr,yes,no,
8y6x,yes,no,
4pjf,yes,no,
5d7i,yes,no,
6pvd,yes,no,
6kx9,no,yes,
6pvc,yes,no,
8jqt,no,yes,
7wbi,no,yes,
6puf,yes,no,
4pji,yes,no,
4nqe,yes,no,
4nqc,NA,NA,NoContacts
5u2v,yes,no,
4pj5,yes,no,
4cw1,no,yes,
9bty,yes,no,
6pug,yes,no,
8vz8,yes,no,
6lbe,no,yes,
6lup,no,yes,
6pue,yes,no,
5u17,yes,no,
7zt3,yes,no,
4pje,yes,no,
4pj8,yes,no,
5d7l,NA,NA,NoContacts
6puk,yes,no,
6w9v,yes,no,
7zt2,yes,no,
4pj9,yes,no,
9btz,yes,no,
4pjg,yes,no,
6lhf,no,yes,
4d0b,no,yes,
4pjc,yes,no,
7ufj,yes,no,
5d7j,yes,no,
4pj7,yes,no,
9bu0,yes,no,
4pjh,yes,no,
4d0d,no,yes,
8vz9,yes,no,
5d5m,NA,NA,NoContacts
6lhh,no,yes,
8bp6,NA,NA,NoContacts
5acz,no,yes,
7zt5,yes,no,
4l8s,yes,no,
4pjd,yes,no,
4d0c,no,yes,
7zt7,yes,no,
4pjx,yes,no,
7zt4,yes,no,
4pja,yes,no,
7lli,yes,no,
4lcw,yes,no,
5ad0,no,yes,
7cpo,no,yes,
4l4t,yes,no,
2yez,no,yes,
3p73,NA,NA,NoContacts
7umg,NA,NA,NoContacts
4cvz,no,yes,
3p77,NA,NA,NoContacts
4iiq,yes,no,
4gup,NA,NA,NoContacts
4l9l,yes,no,
7zt9,yes,no,
4pjb,yes,no,
7llj,yes,no,
1t7x,NA,NA,NoContacts
6mwr,NA,NA,NoContacts
1t7y,NA,NA,NoContacts
6a2b,no,yes,
3es6,NA,NA,NoContacts
1t7z,NA,NA,NoContacts
1t80,NA,NA,NoContacts
7zqi,no,yes,
7zqj,no,yes,
1de4,yes,no,
1t7v,NA,NA,NoContacts
1zs8,NA,NA,NoContacts
1t7w,NA,NA,NoContacts
6r2u,NA,NA,NoContacts
4lcc,yes,no,
1a6z,NA,NA,NoContacts
1zag,NA,NA,NoContacts
7rno,yes,no,
1c16,NA,NA,NoContacts
1r3h,NA,NA,NoContacts
1ypz,yes,no,
6nha,NA,NA,NoContacts
1frt,yes,no,
6c98,NA,NA,NoContacts
7q15,yes,no,
6wna,yes,no,
6c97,NA,NA,NoContacts
3fru,NA,NA,NoContacts
6wol,yes,no,
1i1a,yes,no,
2wy3,yes,no,
6qio,yes,no,
5bjt,NA,NA,NoContacts
6c99,NA,NA,NoContacts
4n0f,yes,no,
4n0u,yes,no,
6fgb,yes,no,
6la6,yes,no,
3quy,yes,no,
6qip,yes,no,
6xng,yes,no,
6ilm,yes,no,
7m72,yes,no,
6bnl,yes,no,
6c6a,NA,NA,NoContacts
6miy,yes,no,
4wo4,yes,no,
3jvg,NA,NA,NoContacts
1je6,NA,NA,NoContacts
8tm0,yes,no,
5whk,yes,no,
6a97,NA,NA,NoContacts
6v7y,yes,no,
6mji,yes,no,
6cyw,NA,NA,NoContacts
6cw9,yes,no,
4y16,yes,no,
3m17,NA,NA,NoContacts
8tm2,yes,no,
6mja,yes,no,
5bxf,NA,NA,NoContacts
8sos,yes,no,
3arb,yes,no,
4y2d,yes,no,
3ard,yes,no,
4k71,yes,no,
3sdx,yes,no,
1onq,NA,NA,NoContacts
1exu,NA,NA,NoContacts
6la7,yes,no,
7mxf,NA,NA,NoContacts
4irs,yes,no,
8tlz,NA,NA,NoContacts
3m1b,NA,NA,NoContacts
3jtc,no,yes,
3gmo,NA,NA,NoContacts
3gmn,NA,NA,NoContacts
7mx4,NA,NA,NoContacts
4mx7,NA,NA,NoContacts
6ojp,NA,NA,NoContacts
6omg,yes,no,
7c9v,yes,no,
5vcj,yes,no,
6cxa,yes,no,
1kcg,yes,no,
3gmq,NA,NA,NoContacts
4s0u,yes,no,
3sda,yes,no,
3rug,yes,no,
2q7y,NA,NA,NoContacts
5fkp,no,yes,
3au1,NA,NA,NoContacts
3tvm,yes,no,
1b3j,NA,NA,NoContacts
4y4k,yes,no,
3qi9,yes,no,
3u0p,NA,NA,NoContacts
6c69,NA,NA,NoContacts
3gml,NA,NA,NoContacts
6cwb,yes,no,
6cxe,yes,no,
3rzc,yes,no,
6bmh,NA,NA,NoContacts
1xz0,NA,NA,NoContacts
4ww2,yes,no,
3ubx,yes,no,
6v7z,yes,no,
1lqv,no,yes,
6cwe,yes,no,
8dv4,NA,NA,NoContacts
4ei5,yes,no,
4lhu,yes,no,
3sdd,yes,no,
8sgm,yes,no,
3huj,yes,no,
6sny,yes,no,
6mss,yes,no,
8dv3,yes,no,
6cx9,yes,no,
2gaz,NA,NA,NoContacts
3gmp,NA,NA,NoContacts
4y4h,yes,no,
3d2u,no,yes,
3o8x,yes,no,
3vwk,yes,no,
5efi,no,yes,
6mj6,yes,no,
6mjq,yes,no,
4irj,yes,no,
7ryo,yes,no,
3gmr,NA,NA,NoContacts
6mjj,yes,no,
3tzv,yes,no,
1l8j,NA,NA,NoContacts
7fi9,yes,no,
6cx7,yes,no,
6cxf,yes,no,
7ryn,NA,NA,NoContacts
8gle,NA,NA,NoContacts
4mng,yes,no,
3ma7,NA,NA,NoContacts
3scm,yes,no,
7mxh,NA,NA,NoContacts
3gmm,NA,NA,NoContacts
4f7c,NA,NA,NoContacts
6c6c,NA,NA,NoContacts
5tw5,NA,NA,NoContacts
6oor,yes,no,
7fi6,yes,no,
8glf,NA,NA,NoContacts
6miv,yes,no,
4y4f,yes,no,
3ilq,NA,NA,NoContacts
3tn0,yes,no,
2akr,NA,NA,NoContacts
3o9w,yes,no,
5l2j,NA,NA,NoContacts
3g08,NA,NA,NoContacts
4en3,yes,no,
6c6h,NA,NA,NoContacts
3are,yes,no,
7kp1,NA,NA,NoContacts
6mj4,yes,no,
1z5l,NA,NA,NoContacts
3quz,yes,no,
4zak,yes,no,
7oks,NA,NA,NoContacts
3arf,yes,no,
8sgb,yes,no,
1cd1,NA,NA,NoContacts
6nux,NA,NA,NoContacts
1gzp,NA,NA,NoContacts
1hyr,yes,no,
8glh,NA,NA,NoContacts
2fik,NA,NA,NoContacts
7fi5,yes,no,
7kp0,NA,NA,NoContacts
5c9j,NA,NA,NoContacts
4x6d,yes,no,
4v3e,yes,no,
3qux,yes,no,
6c6f,NA,NA,NoContacts
6c6j,NA,NA,NoContacts
5wl1,NA,NA,NoContacts
3rtq,yes,no,
3ov6,NA,NA,NoContacts
3t1f,NA,NA,NoContacts
3ta3,yes,no,
7oku,NA,NA,NoContacts
5tw2,NA,NA,NoContacts
6cw6,yes,no,
7rym,yes,no,
8gli,NA,NA,NoContacts
4elm,yes,no,
3t8x,NA,NA,NoContacts
6cx5,yes,no,
6c6e,NA,NA,NoContacts
4apq,yes,no,
6d64,NA,NA,NoContacts
7sh4,NA,NA,NoContacts
4v3d,yes,no,
6bmk,NA,NA,NoContacts
6c5m,NA,NA,NoContacts
6c09,yes,no,
8glg,NA,NA,NoContacts
2po6,yes,no,
4x6e,NA,NA,NoContacts
7okv,NA,NA,NoContacts
4ono,NA,NA,NoContacts
7fi7,yes,no,
6cug,yes,no,
1gzq,NA,NA,NoContacts
7q5d,NA,NA,NoContacts
2h26,NA,NA,NoContacts
1zhn,NA,NA,NoContacts
3to4,yes,no,
4wwk,yes,no,
5l2k,yes,no,
7okt,NA,NA,NoContacts
3sdc,yes,no,
8gm8,NA,NA,NoContacts
3vwj,yes,no,
5j1a,NA,NA,NoContacts
5wke,NA,NA,NoContacts
6bnk,yes,no,
5wkg,NA,NA,NoContacts
1zt4,NA,NA,NoContacts
6v80,yes,no,
3arg,yes,no,
8t4z,yes,no,
4mq7,NA,NA,NoContacts
3ilp,NA,NA,NoContacts
3he6,yes,no,
3he7,yes,no,
7fi8,yes,no,
4f7e,NA,NA,NoContacts
5wki,yes,no,
8zox,yes,no,
7koz,NA,NA,NoContacts
8c44,yes,no,
7b5f,yes,no,
1uqs,NA,NA,NoContacts
3l9r,NA,NA,NoContacts
4x6f,NA,NA,NoContacts
3dbx,NA,NA,NoContacts
4x6c,yes,no,
4ffe,NA,NA,NoContacts
6c15,NA,NA,NoContacts
7xxa,yes,no,
3s6c,NA,NA,NoContacts
4pdc,yes,no,
3it8,yes,no,
1jfm,NA,NA,NoContacts
1pqz,NA,NA,NoContacts
4g59,NA,NA,NoContacts
2o5n,NA,NA,NoContacts
1u58,NA,NA,NoContacts
4pp8,yes,no,
2nyk,NA,NA,NoContacts
4jo8,no,yes,
