pdb,chain,tstart,tend,status
8rlv-assembly1,A,1,179,primary
3x11-assembly1,A,1,180,primary
1qse-assembly1,A,1,180,primary
3bzf-assembly1,A,1,179,primary
7p49-assembly1,A,1,179,primary
1bd2-assembly1,A,1,180,primary
7lfz-assembly1,A,1,180,primary
5jzi-assembly1,A,1,180,primary
7ndt-assembly1,AAA,1,177,primary
7bh8-assembly1,A,1,179,primary
3x12-assembly1,A,1,179,primary
6j1w-assembly1,A,1,180,primary
7ejl-assembly1,A,1,180,primary
3vxu-assembly1,A,1,180,primary
7tud-assembly1,A,1,180,primary
1p7q-assembly1,A,1,180,primary
5eo1-assembly1,A,1,179,primary
6p27-assembly1,A,1,179,primary
3gsn-assembly1,H,1,180,primary
1t22-assembly1,A,1,180,primary
2d31-assembly1,A,1,180,primary
1t1y-assembly1,A,1,180,primary
3fqu-assembly1,A,1,180,primary
7ow6-assembly1,A,1,180,primary
7um2-assembly1,A,1,180,primary
8zv9-assembly1,A,5,183,primary
5vvp-assembly1,A,1,180,primary
6zkw-assembly1,A,1,178,primary
7lg0-assembly1,A,1,180,primary
1hhk-assembly1,A,1,180,primary
5xov-assembly1,A,1,180,primary
1t1z-assembly1,A,1,180,primary
7zuc-assembly1,A,1,180,primary
7sis-assembly1,A,1,180,primary
5txs-assembly1,A,1,180,primary
5vwd-assembly1,A,1,180,primary
6z9w-assembly1,A,1,180,primary
5wwu-assembly1,A,1,180,primary
8ye4-assembly1,A,1,180,primary
7nme-assembly1,A,1,180,primary
3vxs-assembly1,A,1,180,primary
5vwf-assembly1,A,1,180,primary
6p23-assembly1,A,1,179,primary
4f7p-assembly1,A,1,180,primary
5hhq-assembly1,A,1,180,primary
7bbg-assembly1,A,1,180,primary
7rtd-assembly1,A,1,180,primary
2esv-assembly1,A,1,179,primary
4no0-assembly1,A,1,180,primary
5hgb-assembly1,A,1,180,primary
7nmd-assembly1,A,1,180,primary
1a9e-assembly1,A,1,180,primary
7n6e-assembly1,A,1,180,primary
7u1r-assembly1,A,1,180,primary
7p4b-assembly1,A,1,179,primary
7jyx-assembly1,A,1,180,primary
1q94-assembly1,A,1,180,primary
2f54-assembly1,A,1,180,primary
4qok-assembly1,A,1,180,primary
5xot-assembly1,A,1,180,primary
1t21-assembly1,A,1,180,primary
3rl2-assembly1,A,1,180,primary
7tr4-assembly1,A,1,180,primary
6mtm-assembly1,A,1,178,primary
7mja-assembly1,A,1,180,primary
3gsw-assembly1,A,1,180,primary
1akj-assembly1,A,1,180,primary
1qsf-assembly1,A,1,180,primary
5w6a-assembly1,A,1,179,primary
3fqt-assembly1,A,1,180,primary
4f7m-assembly1,A,1,180,primary
1hhh-assembly1,A,1,180,primary
1t1x-assembly1,A,1,180,primary
8qfy-assembly1,AAA,1,179,primary
7ndq-assembly1,AAA,1,179,primary
6w51-assembly1,A,1,180,primary
8en8-assembly1,A,1,180,primary
6j2a-assembly1,A,1,180,primary
7s8s-assembly1,A,1,180,primary
5wjl-assembly1,A,1,180,primary
7s7e-assembly1,A,1,179,primary
6uz1-assembly1,A,1,180,primary
7wj2-assembly1,A,1,180,primary
3d3v-assembly1,A,1,180,primary
7f4w-assembly1,A,6,185,primary
3i6l-assembly1,D,1,180,primary
1xr9-assembly1,A,1,180,primary
2xpg-assembly1,A,1,180,primary
3pwp-assembly1,A,1,180,primary
6j1v-assembly1,A,1,180,primary
3kxf-assembly1,A,1,180,primary
1i4f-assembly1,A,1,180,primary
8ryo-assembly1,A,1,180,primary
6mt3-assembly1,A,1,180,primary
3v5k-assembly1,A,1,180,primary
6uk2-assembly1,A,1,180,primary
7kgo-assembly1,A,1,180,primary
7rtr-assembly1,A,1,180,primary
3wlb-assembly1,A,1,180,primary
8rbv-assembly1,A,2,181,primary
6uj7-assembly1,A,1,179,primary
6ghn-assembly1,A,1,179,primary
1t1w-assembly1,A,1,180,primary
7jyu-assembly1,A,1,180,primary
8xkc-assembly1,A,1,180,primary
6vm8-assembly1,A,1,180,primary
6zkz-assembly1,A,1,178,primary
4qrr-assembly1,A,1,180,primary
3vxp-assembly1,A,1,180,primary
5wsh-assembly1,A,1,180,primary
5wwj-assembly1,A,1,180,primary
5vz5-assembly1,A,1,180,primary
7nui-assembly1,A,1,180,primary
5hhn-assembly1,A,1,180,primary
1s8d-assembly1,A,1,180,primary
7rk7-assembly1,A,1,180,primary
4jfp-assembly1,A,1,180,primary
6zky-assembly1,A,1,178,primary
8i5d-assembly1,H,1,180,primary
1duy-assembly1,A,1,180,primary
3utt-assembly1,A,1,180,primary
7pbe-assembly1,A,1,180,primary
3h9s-assembly1,A,1,180,primary
4o2f-assembly1,A,1,180,primary
1a9b-assembly1,A,1,180,primary
6zkx-assembly1,A,1,177,primary
1ydp-assembly1,A,1,179,primary
7ejm-assembly1,A,1,180,primary
3v5d-assembly1,A,1,180,primary
3qfj-assembly1,A,1,180,primary
2nx5-assembly1,A,1,180,primary
6uli-assembly1,A,1,179,primary
7lg2-assembly1,A,1,180,primary
1cg9-assembly1,A,1,180,primary
6ggm-assembly1,A,1,179,primary
5enw-assembly1,A,1,180,primary
7s8q-assembly1,A,1,180,primary
3wl9-assembly1,A,1,180,primary
1s9y-assembly1,A,1,180,primary
2clr-assembly1,A,1,180,primary
5iue-assembly1,A,1,179,primary
3mgt-assembly1,A,1,180,primary
5f9j-assembly1,A,1,180,primary
3ox8-assembly1,A,1,180,primary
1e27-assembly1,A,1,180,primary
3ft2-assembly1,A,1,180,primary
3fqw-assembly1,A,1,180,primary
1t20-assembly1,A,1,180,primary
3c9n-assembly1,A,1,180,primary
4wu5-assembly1,A,1,180,primary
2bvp-assembly1,A,1,180,primary
4nqv-assembly1,A,1,180,primary
7kgs-assembly1,A,1,180,primary
6aee-assembly1,A,1,179,primary
6jp3-assembly1,A,1,180,primary
5hga-assembly1,A,1,180,primary
1hhg-assembly1,A,1,180,primary
4jff-assembly1,A,1,180,primary
7n2r-assembly1,A,1,180,primary
8elg-assembly1,A,1,180,primary
5nmk-assembly1,A,1,180,primary
1mhe-assembly1,A,1,178,primary
6gh4-assembly1,A,1,179,primary
8rym-assembly1,A,1,180,primary
5d9s-assembly1,A,1,180,primary
7lg3-assembly1,A,1,180,primary
6mpp-assembly1,A,1,179,primary
3vxn-assembly1,A,1,180,primary
8rlt-assembly1,A,1,179,primary
8enh-assembly1,A,1,179,primary
7n1b-assembly1,A,1,180,primary
8rh6-assembly1,A,1,180,primary
7sa2-assembly1,A,1,180,primary
5im7-assembly1,A,1,180,primary
8rng-assembly1,A,1,180,primary
6d2b-assembly1,A,1,180,primary
7s8f-assembly1,A,1,180,primary
7kgp-assembly1,A,1,180,primary
1eey-assembly1,A,1,180,primary
2x4n-assembly1,A,1,180,primary
7n1e-assembly1,A,1,180,primary
5w1v-assembly1,A,1,178,primary
8rop-assembly1,A,1,180,primary
8rhq-assembly1,A,1,177,primary
7s79-assembly1,A,1,180,primary
6p2s-assembly1,A,1,179,primary
4f7t-assembly1,A,1,180,primary
5jhd-assembly1,A,1,180,primary
7wt4-assembly1,A,2,181,primary
1qvo-assembly1,A,1,180,primary
1qew-assembly1,A,1,180,primary
4o2c-assembly1,A,1,180,primary
2f53-assembly1,A,1,180,primary
7s7f-assembly1,A,1,179,primary
7kgq-assembly1,A,1,180,primary
3o3b-assembly1,A,1,180,primary
1s9x-assembly1,A,1,180,primary
2uwe-assembly1,A,1,180,primary
5hgd-assembly1,A,1,180,primary
6vb1-assembly1,A,1,180,primary
1lp9-assembly1,A,1,180,primary
8ryq-assembly1,A,1,180,primary
6tdq-assembly1,A,1,180,primary
7rzd-assembly1,A,1,180,primary
3rew-assembly1,A,1,180,primary
5isz-assembly1,A,1,180,primary
7wkj-assembly1,A,1,180,primary
6avf-assembly1,H,1,180,primary
5wjn-assembly1,A,1,180,primary
8ryp-assembly1,A,1,180,primary
8xfz-assembly1,A,1,180,primary
6gl1-assembly1,A,1,179,primary
6uzq-assembly1,A,1,180,primary
1qrn-assembly1,A,1,180,primary
6mt4-assembly1,A,1,180,primary
5eu3-assembly1,A,1,180,primary
5fdw-assembly1,A,1,180,primary
8e13-assembly1,A,1,179,primary
6tdr-assembly1,A,1,180,primary
6uzs-assembly1,A,1,180,primary
3fqx-assembly1,A,1,180,primary
6vm9-assembly1,A,1,180,primary
3ft4-assembly1,A,1,180,primary
6am5-assembly1,A,1,180,primary
8ryn-assembly1,A,1,180,primary
8roo-assembly1,A,1,180,primary
6pag-assembly1,A,1,179,primary
4no5-assembly1,A,1,180,primary
5hyj-assembly1,A,1,180,primary
5w69-assembly1,A,1,179,primary
6id4-assembly1,A,1,180,primary
7mkb-assembly1,A,1,180,primary
8eb2-assembly1,A,1,180,primary
7nmf-assembly1,A,1,180,primary
8dvg-assembly1,A,1,180,primary
8gon-assembly1,A,1,180,primary
7ow4-assembly1,A,1,180,primary
7p3d-assembly1,A,1,180,primary
7p3e-assembly1,A,1,180,primary
6joz-assembly1,A,1,180,primary
1hsb-assembly1,A,1,180,primary
3mgo-assembly1,A,1,180,primary
8rlu-assembly1,A,1,179,primary
6gh1-assembly1,C,1,179,primary
5v5l-assembly1,A,1,180,primary
4n8v-assembly1,A,1,180,primary
3h9h-assembly1,A,1,180,primary
6amt-assembly1,A,1,180,primary
1i7t-assembly1,A,1,180,primary
1hhi-assembly1,A,1,180,primary
7s8e-assembly1,A,1,180,primary
4jfe-assembly1,A,1,180,primary
7pb2-assembly1,A,1,179,primary
3nfn-assembly1,A,1,180,primary
5hgh-assembly1,A,1,180,primary
5t6y-assembly1,A,1,180,primary
5vue-assembly1,A,1,180,primary
7mj7-assembly1,A,1,180,primary
8i5c-assembly1,A,1,180,primary
7s7d-assembly1,A,1,180,primary
5wkf-assembly1,A,1,180,primary
4nqx-assembly1,A,1,180,primary
6j29-assembly1,A,1,180,primary
4prn-assembly1,A,1,180,primary
5hhm-assembly1,A,1,180,primary
3oxr-assembly1,A,1,180,primary
7mj9-assembly1,A,1,180,primary
6jtp-assembly1,A,1,179,primary
5vuf-assembly1,A,1,180,primary
5t6x-assembly1,A,1,180,primary
5c07-assembly1,A,1,180,primary
3gjf-assembly1,A,1,180,primary
7lgd-assembly1,A,1,180,primary
5brz-assembly1,A,1,180,primary
5c0c-assembly1,A,1,180,primary
8isn-assembly1,A,1,180,primary
3vfn-assembly1,A,1,180,primary
7kgt-assembly1,A,1,180,primary
3o4l-assembly1,A,1,180,primary
5w1w-assembly1,A,1,178,primary
2x70-assembly1,A,1,180,primary
6z9x-assembly1,A,1,180,primary
2bvo-assembly1,A,1,180,primary
3gso-assembly1,A,1,180,primary
6p64-assembly1,A,1,180,primary
6p2c-assembly1,A,1,179,primary
4xxc-assembly1,A,1,180,primary
7s8a-assembly1,A,1,179,primary
9bl6-assembly1,A,1,180,primary
6ssa-assembly1,A,1,180,primary
8tbw-assembly1,A,1,180,primary
3vfp-assembly1,A,1,180,primary
7ow5-assembly1,A,1,179,primary
2vll-assembly1,A,1,180,primary
7jyv-assembly1,A,1,180,primary
3mrb-assembly1,A,1,180,primary
5swq-assembly1,A,1,180,primary
8rbu-assembly1,A,1,180,primary
3pwl-assembly1,A,1,180,primary
3x13-assembly1,A,1,179,primary
2x4s-assembly1,A,1,180,primary
4g8g-assembly1,A,1,180,primary
3ixa-assembly1,A,1,180,primary
7pbc-assembly1,CCC,1,179,primary
6rp9-assembly1,A,1,180,primary
7wj3-assembly1,A,1,179,primary
7t5m-assembly1,A,1,180,primary
3vfu-assembly1,A,1,180,primary
6q3s-assembly1,A,1,180,primary
1a1n-assembly1,A,1,180,primary
5hho-assembly1,A,1,180,primary
4jqv-assembly1,A,1,180,primary
6uj8-assembly1,A,1,179,primary
8f5a-assembly1,A,1,180,primary
3ln4-assembly1,A,1,179,primary
4mnq-assembly1,A,1,180,primary
7r7x-assembly1,A,1,180,primary
6vb2-assembly1,A,1,180,primary
8xg2-assembly1,A,1,180,primary
6r2l-assembly1,A,1,180,primary
8sbk-assembly1,A,1,180,primary
4wuu-assembly1,A,1,180,primary
5e00-assembly1,A,1,180,primary
5fa4-assembly1,A,1,179,primary
8e8i-assembly1,A,1,179,primary
6mt6-assembly1,A,1,180,primary
3mrq-assembly1,A,1,180,primary
8tuh-assembly1,A,1,179,primary
1w72-assembly1,A,1,180,primary
6g3j-assembly1,A,1,180,primary
8shi-assembly1,A,1,179,primary
6o4z-assembly1,A,1,180,primary
2vlk-assembly1,A,1,180,primary
2p5e-assembly1,A,1,180,primary
4o2e-assembly1,A,1,180,primary
7lgt-assembly1,A,1,180,primary
6o4y-assembly1,A,1,180,primary
3pwn-assembly1,A,1,180,primary
4lcy-assembly1,A,1,180,primary
6pte-assembly1,A,1,180,primary
5c08-assembly1,A,1,180,primary
5e9d-assembly1,A,1,180,primary
5hhp-assembly1,A,1,180,primary
2gj6-assembly1,A,1,180,primary
3mrm-assembly1,A,1,180,primary
6rsy-assembly1,A,1,180,primary
6tro-assembly1,A,1,179,primary
8xes-assembly1,A,1,180,primary
4pra-assembly1,A,1,180,primary
8fu4-assembly1,A,1,180,primary
6bxp-assembly1,A,1,180,primary
3hpj-assembly1,A,1,180,primary
2dyp-assembly1,A,1,179,primary
3o3e-assembly1,A,1,180,primary
3v5h-assembly1,A,1,180,primary
5wkh-assembly1,A,1,180,primary
3sjv-assembly1,A,1,179,primary
3bxn-assembly1,A,1,180,primary
6o9c-assembly1,A,2,180,primary
3bh8-assembly1,A,1,180,primary
8i5e-assembly1,H,1,180,primary
3vrj-assembly1,A,1,179,primary
5wmp-assembly1,A,1,179,primary
1i1f-assembly1,A,1,180,primary
6trn-assembly1,A,1,180,primary
3vfv-assembly1,A,1,180,primary
8tbv-assembly1,A,1,180,primary
6ss9-assembly1,A,1,180,primary
8u9g-assembly1,A,1,180,primary
5men-assembly1,A,1,180,primary
5wmn-assembly1,A,1,179,primary
7wt5-assembly1,A,2,181,primary
3d39-assembly1,A,1,180,primary
7l1c-assembly1,A,1,180,primary
5iro-assembly1,A,1,180,primary
6v2p-assembly1,A,1,180,primary
1s9w-assembly1,A,1,180,primary
5n6b-assembly1,A,1,180,primary
6vma-assembly1,A,1,180,primary
7wzz-assembly1,A,1,180,primary
3ln5-assembly1,A,1,179,primary
3gsx-assembly1,A,1,180,primary
8eo8-assembly1,A,1,179,primary
5v5m-assembly1,A,1,180,primary
8emg-assembly1,A,1,180,primary
7rm4-assembly1,A,1,180,primary
7rrg-assembly1,A,1,180,primary
2av1-assembly1,A,1,180,primary
7dzn-assembly1,A,1,179,primary
4u6y-assembly1,A,1,180,primary
7srk-assembly1,A,107,286,primary
5c0b-assembly1,A,1,180,primary
8erx-assembly1,A,1,180,primary
8es9-assembly1,N,1,180,primary
6vb0-assembly1,A,1,180,primary
8e2z-assembly1,A,1,173,primary
4u1i-assembly1,A,2,180,primary
2guo-assembly1,A,1,180,primary
3l3k-assembly1,A,1,180,primary
3uts-assembly1,A,1,180,primary
9bl5-assembly1,A,1,180,primary
4uq3-assembly1,A,1,180,primary
5wxc-assembly1,A,1,180,primary
5t6w-assembly1,A,1,180,primary
6jtn-assembly1,A,1,179,primary
1oga-assembly1,A,1,180,primary
6d2t-assembly1,A,1,180,primary
6pbh-assembly1,A,1,180,primary
5ieh-assembly1,A,1,180,primary
1b0g-assembly1,A,1,180,primary
7rzj-assembly1,A,1,180,primary
6mtl-assembly1,A,1,180,primary
3mr9-assembly1,A,1,180,primary
1b0r-assembly1,A,1,180,primary
3gsq-assembly1,A,1,180,primary
2gtw-assembly1,A,1,180,primary
3mrc-assembly1,A,1,180,primary
3hcv-assembly1,A,1,180,primary
6ewc-assembly1,A,1,180,primary
1agf-assembly1,A,1,179,primary
4jrx-assembly1,A,1,180,primary
8es8-assembly1,N,1,180,primary
3i6g-assembly1,A,1,180,primary
4l29-assembly1,A,1,180,primary
6bj2-assembly1,A,1,180,primary
7wt3-assembly1,A,2,181,primary
4i4w-assembly1,A,1,180,primary
7ndu-assembly1,AAA,1,178,primary
5eu4-assembly1,A,1,180,primary
6vb7-assembly1,A,1,180,primary
3kpo-assembly1,A,1,180,primary
3pwj-assembly1,A,1,180,primary
7n6d-assembly1,A,1,180,primary
4e5x-assembly1,A,1,180,primary
5c09-assembly1,A,1,180,primary
1agd-assembly1,A,1,179,primary
7kgr-assembly1,A,1,180,primary
1ao7-assembly1,A,1,180,primary
7sih-assembly1,A,1,180,primary
3gsr-assembly1,A,1,180,primary
3h7b-assembly1,A,1,180,primary
7q98-assembly1,A,1,180,primary
1tvh-assembly1,A,1,180,primary
3gsu-assembly1,A,1,180,primary
3bze-assembly1,A,1,178,primary
7ejn-assembly1,A,1,180,primary
8rji-assembly1,A,1,180,primary
3mrj-assembly1,A,1,180,primary
2j8u-assembly1,A,1,180,primary
4ftv-assembly1,A,1,180,primary
3hae-assembly1,A,1,180,primary
6uzn-assembly1,A,1,180,primary
1qr1-assembly1,A,1,180,primary
6v3j-assembly1,A,1,180,primary
5nmf-assembly1,A,1,180,primary
7q9a-assembly1,A,1,180,primary
7jyw-assembly1,A,1,178,primary
2av7-assembly1,A,1,180,primary
6pyv-assembly1,A,1,180,primary
7n1f-assembly1,A,1,180,primary
6vm7-assembly1,A,1,180,primary
8emk-assembly1,A,1,180,primary
6d2r-assembly1,A,1,180,primary
7u21-assembly1,A,1,180,primary
6tdp-assembly1,A,1,180,primary
5ddh-assembly1,A,1,180,primary
7m8t-assembly1,A,1,180,primary
3vfs-assembly1,A,1,180,primary
3vri-assembly1,A,1,179,primary
6z9v-assembly1,A,1,180,primary
4u1l-assembly1,A,2,180,primary
7nmg-assembly1,A,1,180,primary
2bck-assembly1,A,1,180,primary
2rfx-assembly1,A,1,180,primary
6uj9-assembly1,A,2,180,primary
8ek5-assembly1,A,1,180,primary
2bnr-assembly1,A,1,180,primary
1age-assembly1,A,1,179,primary
7qpj-assembly1,C,1,180,primary
5euo-assembly1,A,1,180,primary
3ft3-assembly1,A,1,180,primary
3mrh-assembly1,A,1,180,primary
7q9b-assembly1,AAA,1,180,primary
5n1y-assembly1,A,2,181,primary
6ujo-assembly1,A,1,180,primary
4gks-assembly1,A,1,180,primary
6vb6-assembly1,A,1,180,primary
3l3j-assembly1,A,1,180,primary
7sr5-assembly1,A,110,289,primary
5eot-assembly1,A,1,179,primary
7sif-assembly1,A,1,180,primary
5mep-assembly1,A,1,180,primary
4qrs-assembly1,A,1,179,primary
6iex-assembly1,A,1,179,primary
3kyn-assembly1,A,3,180,primary
4hwz-assembly1,A,1,180,primary
7mj8-assembly1,A,1,180,primary
3bhb-assembly1,A,1,180,primary
8rnh-assembly1,A,1,180,primary
6ss7-assembly1,D,1,180,primary
6p2f-assembly1,A,1,179,primary
5fa3-assembly1,A,1,179,primary
3kpp-assembly1,A,1,180,primary
8udr-assembly1,A,1,180,primary
4mji-assembly1,A,1,180,primary
7n2o-assembly1,A,1,180,primary
1i7u-assembly1,A,1,180,primary
8sbl-assembly1,A,1,180,primary
3lko-assembly1,A,1,180,primary
3rl1-assembly1,A,1,180,primary
3hg1-assembly1,A,1,180,primary
4nny-assembly1,A,1,180,primary
3vxm-assembly1,A,1,180,primary
1i7r-assembly1,A,1,180,primary
5c0e-assembly1,A,2,181,primary
6uzp-assembly1,A,1,180,primary
5w67-assembly1,A,1,179,primary
7su9-assembly1,A,1,179,primary
6vb5-assembly1,A,1,180,primary
4jry-assembly1,A,1,180,primary
2hjl-assembly1,A,1,180,primary
3lkn-assembly1,A,1,180,primary
2jcc-assembly1,A,1,180,primary
6ulk-assembly1,A,1,179,primary
3mrg-assembly1,A,1,180,primary
7mj6-assembly1,A,1,180,primary
3mv9-assembly1,A,1,180,primary
6xqa-assembly1,A,1,180,primary
8tub-assembly1,F,1,179,primary
5c0f-assembly1,A,2,181,primary
3mrp-assembly1,A,1,180,primary
4u6x-assembly1,A,1,180,primary
3mro-assembly1,A,1,180,primary
5wmo-assembly1,A,1,179,primary
5c0d-assembly1,A,1,180,primary
3gsv-assembly1,A,1,180,primary
3utq-assembly1,A,1,180,primary
1jf1-assembly1,A,1,180,primary
2bnq-assembly1,A,1,180,primary
3qfd-assembly1,A,1,180,primary
3bh9-assembly1,A,1,180,primary
6vmx-assembly1,A,1,179,primary
4mj6-assembly1,A,1,180,primary
6uzo-assembly1,A,1,180,primary
1n2r-assembly1,A,1,180,primary
7q99-assembly1,A,1,180,primary
8emj-assembly1,A,1,180,primary
5tez-assembly1,A,1,180,primary
3fqn-assembly1,A,1,180,primary
7sr0-assembly1,A,110,289,primary
3vfr-assembly1,A,1,180,primary
7n2s-assembly1,A,1,180,primary
2hn7-assembly1,A,1,180,primary
3oxs-assembly1,A,1,180,primary
3o3a-assembly1,A,1,180,primary
6opd-assembly1,A,1,180,primary
6amu-assembly1,A,1,179,primary
6ewo-assembly1,A,1,180,primary
4i48-assembly1,A,1,180,primary
5ind-assembly1,A,1,180,primary
3kla-assembly1,A,1,180,primary
3bwa-assembly1,A,1,180,primary
6bxq-assembly1,B,1,180,primary
6o9b-assembly1,A,2,180,primary
4wj5-assembly1,A,1,180,primary
7sr3-assembly1,A,114,293,primary
4qrp-assembly1,A,1,179,primary
5eu6-assembly1,A,1,180,primary
5inc-assembly1,A,1,180,primary
9bl2-assembly1,A,1,180,primary
7x1c-assembly1,A,1,180,primary
3mrk-assembly1,A,1,180,primary
8esh-assembly1,A,1,177,primary
5vwj-assembly1,A,1,180,primary
4pr5-assembly1,A,1,180,primary
1x7q-assembly1,A,1,180,primary
3lkp-assembly1,A,1,180,primary
6ss8-assembly1,A,1,180,primary
3vxo-assembly1,A,1,180,primary
8rne-assembly1,A,1,179,primary
6vb4-assembly1,A,1,180,primary
6viu-assembly1,A,1,180,primary
3mre-assembly1,A,1,180,primary
9dl1-assembly1,F,1,180,primary
2axg-assembly1,A,1,180,primary
3qzw-assembly1,A,1,180,primary
6at5-assembly1,A,1,179,primary
3to2-assembly1,A,1,180,primary
1mi5-assembly1,A,1,179,primary
3fqr-assembly1,A,1,180,primary
7yg3-assembly1,A,1,180,primary
8xke-assembly1,A,1,180,primary
3kpq-assembly1,A,1,180,primary
6vqz-assembly1,A,1,180,primary
7sr4-assembly1,A,112,291,primary
6mt5-assembly1,A,1,180,primary
3kyo-assembly1,A,1,179,primary
1k5n-assembly1,A,1,180,primary
4jfd-assembly1,A,1,180,primary
7mle-assembly1,A,1,180,primary
7n2p-assembly1,A,1,180,primary
6eqa-assembly1,A,1,180,primary
3mrf-assembly1,A,1,180,primary
8emf-assembly1,A,1,180,primary
3dx6-assembly1,A,1,180,primary
3mrr-assembly1,A,1,180,primary
3vxr-assembly1,A,1,180,primary
3myj-assembly1,A,1,180,primary
3mrd-assembly1,A,1,180,primary
5meo-assembly1,A,1,180,primary
7xf3-assembly1,A,1,180,primary
5vud-assembly1,A,1,180,primary
5t6z-assembly1,A,1,180,primary
1agb-assembly1,A,1,179,primary
7n1a-assembly1,A,1,180,primary
6o51-assembly1,A,1,180,primary
3am8-assembly1,A,1,179,primary
5eu5-assembly1,A,1,180,primary
6bj3-assembly1,A,1,179,primary
5nmh-assembly1,A,1,180,primary
2fz3-assembly1,A,1,180,primary
6vqy-assembly1,A,1,180,primary
6tdo-assembly1,A,1,180,primary
2v2x-assembly1,A,1,180,primary
6rpb-assembly1,A,1,180,primary
5eo0-assembly1,A,1,179,primary
3qdm-assembly1,A,1,180,primary
8rnf-assembly1,A,1,179,primary
4l3e-assembly1,A,1,180,primary
3mrn-assembly1,A,1,180,primary
4hx1-assembly1,A,1,180,primary
6jto-assembly1,A,1,179,primary
4nt6-assembly1,A,3,180,primary
3giv-assembly1,A,1,180,primary
4wu7-assembly1,A,1,180,primary
6vmc-assembly1,A,1,180,primary
8elh-assembly1,A,1,180,primary
1agc-assembly1,A,1,179,primary
6avg-assembly1,G,1,179,primary
3d25-assembly1,A,1,180,primary
3spv-assembly1,A,1,179,primary
4u1m-assembly1,A,1,179,primary
4pri-assembly1,A,1,180,primary
5c0j-assembly1,A,2,181,primary
1duz-assembly1,A,1,180,primary
1a1o-assembly1,A,1,180,primary
6v2q-assembly1,A,1,180,primary
7ow3-assembly1,A,1,179,primary
7tuc-assembly1,A,1,180,primary
5c0a-assembly1,A,1,180,primary
8v51-assembly1,A,1,180,primary
8rjh-assembly1,A,1,180,primary
1tvb-assembly1,A,1,180,primary
2git-assembly1,A,1,180,primary
5f7d-assembly1,A,1,179,primary
5yxn-assembly1,C,1,180,primary
7tlt-assembly1,A,1,180,primary
3vfw-assembly1,A,1,180,primary
6d7g-assembly1,A-2,111,290,primary
8frt-assembly1,A,115,294,primary
3mri-assembly1,A,1,180,primary
2gt9-assembly1,A,1,180,primary
6uln-assembly1,A,1,179,primary
5bs0-assembly1,A,1,180,primary
6pyj-assembly1,A,1,180,primary
1im3-assembly1,A,1,180,primary
3i6k-assembly1,A,1,180,primary
2h6p-assembly1,A,1,180,primary
3vft-assembly1,A,1,180,primary
7r7v-assembly1,A,1,180,primary
8fja-assembly1,A,1,180,primary
7m8u-assembly1,A,1,180,primary
4prp-assembly1,A,1,180,primary
7m8s-assembly1,A,1,180,primary
3sko-assembly1,A,1,176,primary
3dx7-assembly1,A,1,180,primary
1xh3-assembly1,A,1,180,primary
3x14-assembly1,A,1,179,primary
3bw9-assembly1,A,1,180,primary
5knm-assembly1,A,1,180,primary
7sig-assembly1,A,1,180,primary
5c0g-assembly1,A,1,180,primary
2ypl-assembly1,A,1,180,primary
5u98-assembly1,A,1,179,primary
2v2w-assembly1,A,1,180,primary
5nqk-assembly1,H,1,180,primary
6ptb-assembly1,A,1,180,primary
2gtz-assembly1,A,1,180,primary
5wxd-assembly1,A,1,180,primary
4nnx-assembly1,A,1,180,primary
9bla-assembly1,A,1,180,primary
8emi-assembly1,A,1,180,primary
5wwi-assembly1,A,1,180,primary
7x00-assembly1,A,1,180,primary
5nht-assembly1,H,1,180,primary
7ur1-assembly1,A,1,180,primary
3l3g-assembly1,A,1,180,primary
3bgm-assembly1,A,1,180,primary
4no2-assembly1,A,1,180,primary
6uk4-assembly1,A,1,180,primary
7l1b-assembly1,A,1,180,primary
4u1n-assembly1,A,2,180,primary
1sys-assembly1,A,1,180,primary
1eez-assembly1,A,1,180,primary
5c0i-assembly1,A,2,181,primary
7n2n-assembly1,A,1,180,primary
3w39-assembly1,A,2,181,primary
2x4p-assembly1,A,1,180,primary
7s8r-assembly1,A,1,180,primary
4prb-assembly1,A,1,180,primary
7stg-assembly1,A,101,280,primary
1syv-assembly1,A,1,180,primary
3w0w-assembly1,A,1,180,primary
7dzm-assembly1,A,3,180,primary
4prh-assembly1,A,1,179,primary
3kpl-assembly1,A,1,180,primary
6ulr-assembly1,A,1,178,primary
6o53-assembly1,A,1,179,primary
6ujq-assembly1,A,1,180,primary
3bvn-assembly1,A,1,180,primary
6vrm-assembly1,A,1,179,primary
2fyy-assembly1,A,1,180,primary
6tds-assembly1,A,1,180,primary
1jht-assembly1,A,1,180,primary
5vwh-assembly1,A,1,180,primary
2vlj-assembly1,A,1,180,primary
1e28-assembly1,A,1,180,primary
7uc5-assembly1,A,1,180,primary
5yxu-assembly1,E,1,180,primary
2x4q-assembly1,D,1,180,primary
4no3-assembly1,A,1,180,primary
3cdg-assembly1,A,2,179,primary
8wul-assembly1,L,1,180,primary
3d18-assembly1,A,1,180,primary
4uq2-assembly1,C,1,180,primary
1zhk-assembly1,A,1,180,primary
8vcl-assembly1,A,1,180,primary
6d29-assembly1,A,1,180,primary
4u1j-assembly1,A,2,180,primary
7l1d-assembly1,A-2,1,180,primary
8cx4-assembly1,A,1,180,primary
4u1s-assembly1,A,2,180,primary
3lkq-assembly1,A,1,180,primary
6rpa-assembly1,A,1,180,primary
8gom-assembly1,A,1,180,primary
6e1i-assembly1,A,111,290,primary
5nme-assembly1,A,1,180,primary
6vr5-assembly1,A,1,180,primary
3kpm-assembly1,A,1,180,primary
7tue-assembly1,A,1,180,primary
3ffc-assembly1,A,1,179,primary
7pdw-assembly1,CCC,1,179,primary
4mj5-assembly1,A,1,180,primary
6at9-assembly1,A,1,180,primary
1xr8-assembly1,A,1,180,primary
4jfq-assembly1,A,1,180,primary
7re8-assembly1,A,1,180,primary
3dtx-assembly1,A-2,1,180,primary
5t70-assembly1,A,1,180,primary
7r7w-assembly1,A,1,180,primary
6vq2-assembly1,A,1,180,primary
6dkp-assembly1,A,1,180,primary
9asf-assembly1,A,1,180,primary
2x4t-assembly1,D,1,180,primary
7k81-assembly1,A-2,1,180,primary
5iek-assembly1,A,1,180,primary
3dx8-assembly1,A,1,180,primary
5gsd-assembly1,A,1,180,primary
6vqo-assembly1,A,1,179,primary
6v2o-assembly1,A,1,180,primary
6pz5-assembly1,A,1,180,primary
5meq-assembly1,A,1,180,primary
4lnr-assembly1,A,1,180,primary
4jfo-assembly1,A,1,180,primary
6k60-assembly1,A,1,174,primary
4pre-assembly1,A,1,180,primary
8ref-assembly1,A,1,180,primary
6uzm-assembly1,A,1,180,primary
3lks-assembly1,A,1,180,primary
6bj8-assembly1,A,1,178,primary
3mrl-assembly1,A,1,180,primary
1zsd-assembly1,A,1,180,primary
4qrq-assembly1,A,1,172,primary
3mv7-assembly1,A,1,180,primary
1jgd-assembly1,A,1,180,primary
6tmo-assembly1,A,1,180,primary
7r80-assembly1,C,1,180,primary
7k80-assembly1,A,1,180,primary
6q3k-assembly1,A,2,181,primary
1zhl-assembly1,A,1,180,primary
2ypk-assembly1,A,1,180,primary
3vcl-assembly1,A,1,179,primary
7r7y-assembly1,A,1,180,primary
8f7m-assembly1,A,1,180,primary
8dnt-assembly1,E,1,180,primary
1w0w-assembly1,A,1,180,primary
7phr-assembly1,H,1,180,primary
5vgd-assembly1,A,1,179,primary
8wte-assembly1,H,1,180,primary
7stf-assembly1,A,1,179,primary
7eu2-assembly1,A,5,184,primary
9asg-assembly1,A,1,180,primary
6vr1-assembly1,A,1,180,primary
1m6o-assembly1,A,1,180,primary
9bl3-assembly1,A,1,180,primary
6ewa-assembly1,A,1,180,primary
5xos-assembly1,A,1,180,primary
6pyl-assembly1,A,1,180,primary
6y26-assembly1,A,1,180,primary
7st3-assembly1,A,105,284,primary
5def-assembly1,A,1,180,primary
2ak4-assembly1,A,1,180,primary
1i1y-assembly1,A,1,180,primary
5wmq-assembly1,A,1,179,primary
6nca-assembly1,I,1,180,primary
4u1h-assembly1,A,2,180,primary
3vh8-assembly1,A,1,180,primary
1w0v-assembly1,A,1,180,primary
5grg-assembly1,A,1,180,primary
2hjk-assembly1,A,1,180,primary
3vfo-assembly1,A,1,180,primary
7ssh-assembly1,A,110,289,primary
3l3i-assembly1,A,1,180,primary
6pa1-assembly1,A,1,179,primary
3hla-assembly1,A,1,180,primary
2x4o-assembly1,D,1,180,primary
9c6x-assembly1,A,117,296,primary
1hhj-assembly1,A,1,180,primary
7alo-assembly1,A,1,180,primary
5b38-assembly1,A,1,180,primary
7sqp-assembly1,A,113,292,primary
6eny-assembly1,F,1,178,primary
2pye-assembly1,A,1,180,primary
3kps-assembly1,A,1,180,primary
3lkr-assembly1,A,1,180,primary
6vqe-assembly1,A,1,180,primary
3b3i-assembly1,A,1,180,primary
5grd-assembly1,A,1,180,primary
6g3k-assembly1,A,1,180,primary
2x4r-assembly1,D,1,180,primary
8gvb-assembly1,H,1,179,primary
8vjz-assembly1,A,1,180,primary
4prd-assembly1,A,1,180,primary
4l3c-assembly1,A,1,180,primary
6d78-assembly1,A,1,180,primary
8v4z-assembly1,A,1,179,primary
6vrn-assembly1,A,1,180,primary
8tnj-assembly1,A,110,287,primary
5nmg-assembly1,A,1,180,primary
9bl9-assembly1,A,1,179,primary
4qru-assembly1,A,1,179,primary
3kpr-assembly1,A,1,180,primary
2cik-assembly1,A,1,180,primary
4k7f-assembly1,A,1,179,primary
7t0l-assembly1,A,1,180,primary
3kww-assembly1,A,1,180,primary
2bvq-assembly1,A,1,180,primary
3vfm-assembly1,A,1,180,primary
2bss-assembly1,A,1,180,primary
3l3d-assembly1,A,1,180,primary
2nw3-assembly1,A,1,180,primary
7x1b-assembly1,A,1,180,primary
3qdg-assembly1,A,1,180,primary
4jqx-assembly1,A,1,180,primary
5mer-assembly1,A,1,180,primary
3dxa-assembly1,A,1,180,primary
2bst-assembly1,A,1,180,primary
4qrt-assembly1,A,1,179,primary
9bl4-assembly1,A,1,180,primary
8rj5-assembly1,A,1,180,primary
6vb3-assembly1,A,2,181,primary
8fjb-assembly1,A,1,180,primary
5d2l-assembly1,A,1,179,primary
6eqb-assembly1,A,1,180,primary
6pyw-assembly1,A,1,180,primary
3qeq-assembly1,A,1,180,primary
7cir-assembly1,A,1,180,primary
5ib5-assembly1,A,1,180,primary
2p5w-assembly1,A,1,180,primary
3mv8-assembly1,A,1,180,primary
3wuw-assembly1,A,1,180,primary
5b39-assembly1,A,1,180,primary
3upr-assembly1,A,1,179,primary
3o3d-assembly1,A,1,180,primary
8gvg-assembly1,H,1,180,primary
2c7u-assembly1,A,1,180,primary
4gkn-assembly1,A,1,180,primary
1ktl-assembly1,A,1,179,primary
6y2b-assembly1,A,1,180,primary
2x4u-assembly1,D,1,180,primary
3skm-assembly1,A,1,173,primary
8rcv-assembly1,A,1,180,primary
6y29-assembly1,A,1,180,primary
4eup-assembly1,D,1,180,primary
3lv3-assembly1,A,1,180,primary
2axf-assembly1,A,1,180,primary
3bp7-assembly1,A,1,180,primary
3kpn-assembly1,A,1,180,primary
1tmc-assembly1,A,1,174,primary
3qdj-assembly1,A,1,180,primary
5wmr-assembly1,A,1,170,primary
7re7-assembly1,D,1,180,primary
5deg-assembly1,A,1,180,primary
5ib1-assembly1,A,1,180,primary
4g9d-assembly1,A,1,180,primary
8vra-assembly1,A,1,178,primary
2vlr-assembly1,A,1,180,primary
3bp4-assembly1,A,1,180,primary
6vqd-assembly1,A,1,180,primary
8hn4-assembly1,A,2,179,primary
1m05-assembly1,A,1,172,primary
7dyn-assembly1,A,1,180,primary
6y28-assembly1,A,1,180,primary
7cis-assembly1,A,1,180,primary
1kpr-assembly1,A,1,179,primary
4g9f-assembly1,A,1,180,primary
5d2n-assembly1,H,2,179,primary
1a1m-assembly1,A,1,180,primary
3bo8-assembly1,A,1,180,primary
9c6w-assembly1,A,113,292,primary
6ei2-assembly1,A,1,180,primary
6y27-assembly1,A,1,180,primary
4g8i-assembly1,A,1,180,primary
8esb-assembly1,A,1,180,primary
8rro-assembly1,C,1,180,primary
6vpz-assembly1,A,1,180,primary
6apn-assembly1,A,113,292,primary
1uxw-assembly1,A,1,180,primary
8yiv-assembly1,A,1,180,primary
9c6v-assembly1,A,116,295,primary
3czf-assembly1,A,1,180,primary
1hsa-assembly1,A,1,180,primary
5ib4-assembly1,A,1,180,primary
2a83-assembly1,A,1,180,primary
2bsr-assembly1,A,1,180,primary
8t7r-assembly1,i,1,180,primary
1of2-assembly1,A,1,180,primary
8vr9-assembly1,A,1,180,primary
8t6m-assembly1,E,1,180,primary
7ciq-assembly1,A,1,180,primary
5vge-assembly1,A,1,179,primary
6uon-assembly1,D,1,179,primary
8yj2-assembly1,A,1,180,primary
5ib2-assembly1,A,1,180,primary
3b6s-assembly1,A,1,180,primary
1ogt-assembly1,A,1,180,primary
7n2q-assembly1,A,1,180,primary
6y2a-assembly1,A,1,180,primary
8v50-assembly1,A,1,179,primary
8gvi-assembly1,H,1,180,primary
3cii-assembly1,A,1,179,primary
7qpd-assembly1,M,1,178,primary
4u1k-assembly1,A,2,180,primary
1jge-assembly1,A,1,180,primary
8esa-assembly1,A,1,180,primary
5ib3-assembly1,A,1,180,primary
1uxs-assembly1,A,1,180,primary
2hla-assembly1,A,1,180,primary
8ec5-assembly1,A,1,161,primary
8vrb-assembly1,A,1,180,primary
1qqd-assembly1,A,1,179,primary
7duu-assembly1,A,1,179,primary
1efx-assembly1,A,2,180,primary
8tmu-assembly1,A,1,179,primary
3rwc-assembly1,A,1,180,primary
4zus-assembly1,A,1,179,primary
5xs3-assembly1,A,1,177,primary
1im9-assembly1,A,1,179,primary
3rwi-assembly1,A,1,179,primary
3rwh-assembly1,A,1,180,primary
3rwd-assembly1,A,1,179,primary
1zvs-assembly1,A,1,180,primary
3rwe-assembly1,A,1,179,primary
4zuw-assembly1,A,1,180,primary
3rwf-assembly1,A,1,179,primary
5e6i-assembly1,I,1,180,primary
4zuu-assembly1,A,1,180,primary
3rwj-assembly1,A,1,179,primary
6iwg-assembly1,A,1,180,primary
5xmf-assembly1,A,1,179,primary
4zuv-assembly1,A,3,180,primary
3jts-assembly1,A,1,180,primary
8ht1-assembly1,A,1,179,primary
7cjq-assembly1,A,1,179,primary
6l9k-assembly1,A,1,175,primary
6jq2-assembly1,A,1,179,primary
5xmm-assembly1,A,1,179,primary
6l9n-assembly1,A,2,180,primary
4zut-assembly1,A,1,180,primary
6lt6-assembly1,A,1,179,primary
4zfz-assembly1,A,2,180,primary
3jtt-assembly1,A,1,180,primary
8hso-assembly1,A,1,179,primary
3rwg-assembly1,A,1,180,primary
2e7l-assembly1,E,1,175,primary
6lb2-assembly1,A,2,181,primary
5f1n-assembly1,A,1,180,primary
1kpv-assembly1,A,1,178,primary
6iwh-assembly1,A,1,180,primary
4huv-assembly1,A,1,179,primary
7byd-assembly1,A,1,179,primary
5j6h-assembly1,A,1,179,primary
1s7q-assembly1,A,1,178,primary
1s7s-assembly1,A,1,178,primary
4pgd-assembly1,A,1,178,primary
5gr7-assembly1,A,1,179,primary
7wcy-assembly1,A,1,178,primary
1s7r-assembly1,A,1,178,primary
1rjy-assembly1,A,1,179,primary
7dc6-assembly1,A,1,179,primary
7xqu-assembly1,A,1,179,primary
6j2g-assembly1,A,1,182,primary
2clv-assembly1,A,1,179,primary
5j6g-assembly1,A,1,178,primary
5f1i-assembly1,A,1,180,primary
3pwu-assembly1,A,2,178,primary
6m24-assembly1,A,1,179,primary
1fzj-assembly1,A,1,178,primary
2oi9-assembly1,A,1,175,primary
7xqs-assembly1,A,1,178,primary
1vgk-assembly1,A,1,179,primary
6j2h-assembly1,A,1,178,primary
2fwo-assembly1,A,1,179,primary
1rk0-assembly1,A,1,178,primary
1ed3-assembly1,A,1,179,primary
6j2j-assembly1,A,1,182,primary
4hkj-assembly1,A,1,179,primary
5ivx-assembly1,A,1,178,primary
2xfx-assembly1,A,1,179,primary
6lah-assembly1,A,2,181,primary
3e3q-assembly1,A,1,175,primary
1fzo-assembly1,A,1,179,primary
6l9l-assembly1,A,1,175,primary
3ery-assembly1,A,1,174,primary
1bii-assembly1,A,1,179,primary
8hsm-assembly1,A,1,184,primary
1g7p-assembly1,A,1,178,primary
5m00-assembly1,A,1,179,primary
3tjh-assembly1,A,1,175,primary
7jwi-assembly1,A,1,179,primary
4l8d-assembly1,A,1,179,primary
8d5e-assembly1,A,2,178,primary
5gsx-assembly1,A,1,179,primary
6lam-assembly1,A,2,180,primary
6ilg-assembly1,A,1,182,primary
3pwv-assembly1,A,2,178,primary
1kjm-assembly1,A,1,179,primary
2clz-assembly1,A,1,179,primary
4pgb-assembly1,A,1,179,primary
5jwd-assembly1,A,1,179,primary
5m02-assembly1,A,1,179,primary
5gsr-assembly1,C,1,179,primary
4nhu-assembly1,G,1,175,primary
1t0m-assembly1,A,1,179,primary
1osz-assembly1,A,1,178,primary
6jq3-assembly1,A,1,179,primary
1n59-assembly1,A,1,179,primary
2vaa-assembly1,A,1,178,primary
1s7t-assembly1,A,1,178,primary
6g9q-assembly1,A,1,179,primary
8d5k-assembly1,A,1,179,primary
1fzm-assembly1,A,1,178,primary
1t0n-assembly1,A,1,179,primary
1rk1-assembly1,A,1,179,primary
5trz-assembly1,C,2,178,primary
4pg9-assembly1,A,1,179,primary
3fom-assembly1,A,1,179,primary
6m2k-assembly1,A,1,180,primary
4n5e-assembly1,A,2,174,primary
1leg-assembly1,A,1,179,primary
5mzm-assembly1,A,3,176,primary
5til-assembly1,A,1,178,primary
4huw-assembly1,A,1,179,primary
5m01-assembly1,A,1,179,primary
3tid-assembly1,A,1,179,primary
8ht9-assembly1,A,1,184,primary
1juf-assembly1,A,3,179,primary
4z77-assembly1,A,2,180,primary
7ji2-assembly1,A,1,179,primary
1g6r-assembly1,H,1,179,primary
8d5j-assembly1,A,2,180,primary
1kpu-assembly1,A,1,178,primary
6m2j-assembly1,A,1,178,primary
5gsb-assembly1,A,1,179,primary
4pv8-assembly1,A,1,179,primary
4pge-assembly1,A,1,179,primary
6nf7-assembly1,A,1,179,primary
7xqt-assembly1,A,1,180,primary
1wbx-assembly1,A,1,178,primary
3tie-assembly1,A,1,180,primary
1wbz-assembly1,A,1,179,primary
1lk2-assembly1,A,1,179,primary
4pg2-assembly1,A,1,178,primary
1rjz-assembly1,A,1,179,primary
1inq-assembly1,A,1,179,primary
1vad-assembly1,A,1,178,primary
5vcl-assembly1,A,1,179,primary
1qo3-assembly1,A,2,178,primary
4nsk-assembly1,A,1,179,primary
4mxq-assembly1,A,2,174,primary
1g7q-assembly1,A,1,179,primary
7p0t-assembly1,A,1,176,primary
1fzk-assembly1,A,1,179,primary
8jhw-assembly1,A,1,179,primary
6ilc-assembly1,A,3,182,primary
8hsw-assembly1,A,1,182,primary
3tbt-assembly1,A,1,176,primary
3ecb-assembly1,A,2,178,primary
7emb-assembly1,A,1,179,primary
1nan-assembly1,H,1,179,primary
1k8d-assembly1,A,1,179,primary
3tbv-assembly1,A,1,179,primary
3c8k-assembly1,A,1,179,primary
4z76-assembly1,A,3,180,primary
8tq9-assembly1,A,2,177,primary
3roo-assembly1,A,1,178,primary
5npz-assembly1,A,4,181,primary
8d5q-assembly1,C,1,175,primary
6wl2-assembly1,A,3,175,primary
3p9m-assembly1,A,1,179,primary
2ol3-assembly1,H,1,179,primary
1kbg-assembly1,H,1,178,primary
6l9m-assembly1,A,2,180,primary
6j2f-assembly1,A,1,182,primary
2zok-assembly1,A,1,178,primary
7p0a-assembly1,A,1,175,primary
2vab-assembly1,A,1,178,primary
1vac-assembly1,A,1,179,primary
3cpl-assembly1,A,1,179,primary
3tfk-assembly1,A,2,174,primary
3tby-assembly1,A,1,176,primary
6lf9-assembly1,D,1,180,primary
1lek-assembly1,A,1,178,primary
6a6h-assembly1,A,1,178,primary
8d5n-assembly1,C,1,178,primary
5weu-assembly1,A,2,178,primary
6x00-assembly1,A,2,180,primary
2fo4-assembly1,A,1,179,primary
5e8n-assembly1,A,1,175,primary
4wdi-assembly1,A,2,180,primary
1n5a-assembly1,A,1,179,primary
1zt7-assembly1,A,1,178,primary
6g9r-assembly1,A,1,179,primary
5ts1-assembly1,A,2,178,primary
2ckb-assembly1,H,1,179,primary
3e6f-assembly1,A,2,177,primary
8tq8-assembly1,A,2,177,primary
5jwe-assembly1,A,1,179,primary
4hux-assembly1,A,3,179,primary
3cvh-assembly1,A,1,179,primary
3tbw-assembly1,A,1,179,primary
1qlf-assembly1,A,1,179,primary
3tbs-assembly1,A,1,179,primary
6npr-assembly1,A,2,178,primary
3quk-assembly1,A,1,175,primary
3rol-assembly1,A,1,178,primary
3qq3-assembly1,A,1,180,primary
5nq2-assembly1,A,2,181,primary
8umo-assembly1,A,1,179,primary
5swz-assembly1,A,1,179,primary
5gsv-assembly1,A,1,179,primary
3buy-assembly1,A,1,178,primary
3dmm-assembly1,A,2,178,primary
8p43-assembly1,A,1,179,primary
1s7x-assembly1,A,1,179,primary
5nq3-assembly1,A,2,181,primary
1nam-assembly1,H,1,179,primary
5kd7-assembly1,A,2,177,primary
5ylx-assembly1,A,1,180,primary
3tf7-assembly1,A,1,175,primary
6ile-assembly1,A,1,179,primary
1mwa-assembly1,H,1,179,primary
5sws-assembly1,A,1,179,primary
1s7w-assembly1,A,1,179,primary
3fon-assembly1,A,1,179,primary
2cii-assembly1,A,1,179,primary
5t7g-assembly1,A,2,178,primary
3cc5-assembly1,A,1,179,primary
3ch1-assembly1,D,1,178,primary
6j2d-assembly1,A,1,181,primary
6h6d-assembly1,A,1,175,primary
8d5f-assembly1,A,2,178,primary
2zsw-assembly1,A,1,179,primary
6j2e-assembly1,A,1,181,primary
4huu-assembly1,A,1,179,primary
1ffo-assembly1,A,2,178,primary
4l8b-assembly1,A,1,179,primary
4pv9-assembly1,A,1,179,primary
1zt1-assembly1,A,2,174,primary
7n9j-assembly1,A,2,178,primary
4pgc-assembly1,A,1,179,primary
1bz9-assembly1,A,1,178,primary
4hs3-assembly1,A,1,179,primary
4l8c-assembly1,A,1,179,primary
3cch-assembly1,A,1,179,primary
1jpf-assembly1,A,1,177,primary
6wzy-assembly1,A,2,180,primary
7n5c-assembly1,A,1,179,primary
5wli-assembly1,A,1,179,primary
1s7v-assembly1,A,1,179,primary
3ws6-assembly1,A,1,178,primary
3p4o-assembly1,A,2,180,primary
6h6h-assembly1,A,1,175,primary
1yn7-assembly1,A,1,178,primary
6k7t-assembly1,A,3,182,primary
6gb5-assembly1,A,3,179,primary
7emc-assembly1,A,1,180,primary
7em9-assembly1,A,1,180,primary
3qq4-assembly1,A,1,180,primary
3qul-assembly1,A,1,175,primary
1fg2-assembly1,A,1,179,primary
5nq0-assembly1,A,3,180,primary
5wet-assembly1,A,1,178,primary
5wes-assembly1,A,2,178,primary
5wlg-assembly1,A,1,179,primary
4iho-assembly1,A,1,180,primary
3e6h-assembly1,A,1,177,primary
5oqi-assembly1,A,113,290,primary
5h94-assembly1,A,1,179,primary
7n5p-assembly1,A,1,176,primary
6gb7-assembly1,A,3,178,primary
6ilf-assembly1,A,1,182,primary
6wl4-assembly1,A,1,178,primary
1kj3-assembly1,H,2,180,primary
4hv8-assembly1,A-2,1,178,primary
1bqh-assembly1,A,1,178,primary
1s7u-assembly1,A,1,179,primary
6j2i-assembly1,A,4,185,primary
6gb6-assembly1,A,1,177,primary
3l3h-assembly1,A,2,177,primary
7emd-assembly1,A,1,180,primary
3ftg-assembly1,A,1,179,primary
7ema-assembly1,A,3,180,primary
3vj6-assembly1,A,1,180,primary
1p4l-assembly1,A,2,178,primary
2ve6-assembly1,A,1,179,primary
1ffn-assembly1,A,1,178,primary
1n3n-assembly1,A,3,179,primary
7qng-assembly1,C,1,176,primary
1kj2-assembly1,H,1,179,primary
6wl3-assembly1,A,3,178,primary
7jwj-assembly1,A,1,178,primary
5tje-assembly1,A,2,178,primary
8w6l-assembly1,A,3,180,primary
6mp0-assembly1,A,113,290,primary
8tq7-assembly1,A,2,178,primary
7na5-assembly1,A,2,178,primary
3tpu-assembly1,I,1,173,primary
6kwl-assembly1,A,1,180,primary
3p4n-assembly1,A,2,180,primary
2zol-assembly1,A,2,176,primary
5opi-assembly1,A,1,176,primary
1jpg-assembly1,A,1,178,primary
1ldp-assembly1,H,1,179,primary
6kwk-assembly1,A,3,180,primary
5e8o-assembly1,A,1,175,primary
2qri-assembly1,A,123,301,primary
3p9l-assembly1,A,1,179,primary
1wby-assembly1,A,1,178,primary
5e8p-assembly1,A,1,176,primary
8fhu-assembly1,A,2,178,primary
3p4m-assembly1,A,2,180,primary
1yn6-assembly1,A,1,178,primary
4z78-assembly1,A,2,180,primary
2zsv-assembly1,A,1,175,primary
8fhl-assembly1,A,2,171,primary
2f74-assembly1,A,2,178,primary
1zhb-assembly1,A,1,178,primary
3fol-assembly1,A,1,178,primary
6lf8-assembly1,A,1,180,primary
1ce6-assembly1,A,1,178,primary
8jv0-assembly1,A,1,180,primary
1fo0-assembly1,H,3,180,primary
4mvb-assembly1,A,2,174,primary
5oqh-assembly1,A,113,292,primary
3rgv-assembly1,C,1,179,primary
6kwo-assembly1,A,1,179,primary
7n4k-assembly1,A,1,176,primary
8gqv-assembly1,A,1,180,primary
1ffp-assembly1,A,2,178,primary
5nq1-assembly1,A,2,181,primary
3pqy-assembly1,A,1,178,primary
3e2h-assembly1,A,1,175,primary
1ddh-assembly1,A,3,179,primary
5oqf-assembly1,A,113,291,primary
5oqg-assembly1,A,113,291,primary
6kwn-assembly1,A,1,180,primary
2qrt-assembly1,A,123,301,primary
5kd4-assembly1,A,2,178,primary
4n0c-assembly1,A,2,173,primary
8gqw-assembly1,A,1,180,primary
3pab-assembly1,A,2,176,primary
7n5q-assembly1,A,2,178,primary
2qrs-assembly1,A,123,301,primary
8tqa-assembly1,A,1,174,primary
1hoc-assembly1,A,1,179,primary
3ws3-assembly1,A,1,174,primary
5wer-assembly1,A,2,178,primary
2mha-assembly1,A,1,180,primary
9c3e-assembly1,H,94,252,primary
6mp1-assembly1,A,113,288,primary
3nwm-assembly1,A,114,288,primary
1kjv-assembly1,A,1,180,primary
1ld9-assembly1,A,1,179,primary
7lfm-assembly1,A,1,180,primary
7lfi-assembly1,A,1,180,primary
7lfl-assembly1,A,1,180,primary
7edo-assembly1,A,1,183,primary
7lfk-assembly1,A,1,180,primary
4ms8-assembly1,A,2,162,primary
7lfj-assembly1,A,1,180,primary
1mhc-assembly1,A,1,180,primary
1nez-assembly1,A,1,178,primary
4g43-assembly1,A,1,175,primary
5ymw-assembly1,A,2,174,primary
5gjy-assembly1,A,1,176,primary
8y74-assembly1,A,2,176,primary
5ymv-assembly1,A,2,177,primary
8j4g-assembly1,A,1,178,primary
4cvx-assembly1,D,1,176,primary
8kb0-assembly1,A,1,176,primary
6lhg-assembly1,A,1,176,primary
1p1z-assembly1,A-2,2,160,primary
5gjx-assembly1,A,1,175,primary
4e0r-assembly1,A,1,174,primary
7wbg-assembly1,A,1,174,primary
3bew-assembly1,A,1,173,primary
8kcv-assembly1,A,1,177,primary
6pui-assembly1,A,3,177,primary
5u1r-assembly1,C,3,175,primary
5u72-assembly1,A,3,173,primary
6pul-assembly1,A,3,177,primary
3bev-assembly1,A,1,173,primary
5u16-assembly1,A,3,175,primary
6pud-assembly1,A,3,177,primary
5h5z-assembly1,A,1,176,primary
8kb1-assembly1,A,1,178,primary
6xqp-assembly1,A,1,175,primary
6kyu-assembly1,A,1,177,primary
7zt8-assembly1,A,3,178,primary
9btx-assembly1,A,3,175,primary
4g42-assembly1,A,3,174,primary
8wo9-assembly1,A,1,176,primary
5y91-assembly1,A,1,175,primary
5u6q-assembly1,C,3,175,primary
4nqd-assembly1,A,1,177,primary
6pum-assembly1,A,3,175,primary
4l4v-assembly1,A,1,176,primary
6puc-assembly1,A,3,177,primary
6puj-assembly1,A,3,175,primary
9cgs-assembly1,A,3,175,primary
6w9u-assembly1,A,3,177,primary
6puh-assembly1,A,3,177,primary
6irl-assembly1,A,5,178,primary
9cgr-assembly1,A,3,178,primary
8y6x-assembly1,A,3,178,primary
4pjf-assembly1,A,1,175,primary
5d7i-assembly1,A,1,175,primary
6pvd-assembly1,A,3,175,primary
6kx9-assembly1,A,5,175,primary
6pvc-assembly1,A,3,177,primary
8jqt-assembly1,A,1,178,primary
7wbi-assembly1,A,2,175,primary
6puf-assembly1,A,3,175,primary
4pji-assembly1,A,1,174,primary
4nqe-assembly1,A,3,178,primary
4nqc-assembly1,A,3,175,primary
5u2v-assembly1,A,3,178,primary
4pj5-assembly1,A,1,175,primary
4cw1-assembly1,A,1,175,primary
9bty-assembly1,A,3,177,primary
6pug-assembly1,A,3,177,primary
8vz8-assembly1,A,2,174,primary
6lbe-assembly1,A,1,175,primary
6lup-assembly1,A,1,178,primary
6pue-assembly1,A,3,177,primary
5u17-assembly1,A,1,177,primary
7zt3-assembly1,A,2,178,primary
4pje-assembly1,A,1,172,primary
4pj8-assembly1,A,1,175,primary
5d7l-assembly1,A,1,177,primary
6puk-assembly1,A,3,175,primary
6w9v-assembly1,A,3,177,primary
7zt2-assembly1,A,1,177,primary
4pj9-assembly1,A,3,178,primary
9btz-assembly1,A,3,176,primary
4pjg-assembly1,A,1,175,primary
6lhf-assembly1,A,1,176,primary
4d0b-assembly1,A,1,175,primary
4pjc-assembly1,A,3,176,primary
7ufj-assembly1,A,3,176,primary
5d7j-assembly1,E,1,174,primary
4pj7-assembly1,A,3,176,primary
9bu0-assembly1,A,3,175,primary
4pjh-assembly1,A,1,174,primary
4d0d-assembly1,A,1,176,primary
8vz9-assembly1,A,1,176,primary
5d5m-assembly1,A,1,175,primary
6lhh-assembly1,A,3,173,primary
8bp6-assembly1,A,100,275,primary
5acz-assembly1,A,2,174,primary
7zt5-assembly1,A,3,176,primary
4l8s-assembly1,C,105,277,primary
4pjd-assembly1,A,3,178,primary
4d0c-assembly1,A,1,175,primary
7zt7-assembly1,A,3,176,primary
4pjx-assembly1,A,3,174,primary
7zt4-assembly1,A,3,176,primary
4pja-assembly1,A,3,176,primary
7lli-assembly1,C,3,178,primary
4lcw-assembly1,A,3,176,primary
5ad0-assembly1,A,2,173,primary
7cpo-assembly1,A,1,176,primary
4l4t-assembly1,A,3,178,primary
2yez-assembly1,A,1,175,primary
3p73-assembly1,A,3,179,primary
7umg-assembly1,A,2,175,primary
4cvz-assembly1,A,2,173,primary
3p77-assembly1,A,2,176,primary
4iiq-assembly1,C,98,270,primary
4gup-assembly1,A,2,176,primary
4l9l-assembly1,C,68,239,primary
7zt9-assembly1,A,3,176,primary
4pjb-assembly1,A,3,178,primary
7llj-assembly1,C,3,178,primary
1t7x-assembly1,A,2,176,primary
6mwr-assembly1,A,2,176,primary
1t7y-assembly1,A,2,175,primary
6a2b-assembly1,A,1,178,primary
3es6-assembly1,A,6,179,primary
1t7z-assembly1,A,2,175,primary
1t80-assembly1,A,2,177,primary
7zqi-assembly1,A,4,176,primary
7zqj-assembly1,A,4,176,primary
1de4-assembly1,A,1,178,primary
1t7v-assembly1,A,2,175,primary
1zs8-assembly1,A,2,169,primary
1t7w-assembly1,A,2,175,primary
6r2u-assembly1,A,2,178,primary
4lcc-assembly1,C,86,255,primary
1a6z-assembly1,A,1,178,primary
1zag-assembly1,A,2,174,primary
7rno-assembly1,A,2,175,primary
1c16-assembly1,A,1,163,primary
1r3h-assembly1,A,1,153,primary
1ypz-assembly1,A,1,165,primary
6nha-assembly1,A,3,163,primary
1frt-assembly1,A-2,6,177,primary
6c98-assembly1,A,2,169,primary
7q15-assembly1,A,1,171,primary
6wna-assembly1,A,2,171,primary
6c97-assembly1,A,2,171,primary
3fru-assembly1,A,5,176,primary
6wol-assembly1,A,2,169,primary
1i1a-assembly1,A,2,172,primary
2wy3-assembly1,A,3,173,primary
6qio-assembly1,B,1,172,primary
5bjt-assembly1,A,2,171,primary
6c99-assembly1,A,3,172,primary
4n0f-assembly1,A,2,171,primary
4n0u-assembly1,A,2,171,primary
6fgb-assembly1,A,1,171,primary
6la6-assembly1,E-4,1,171,primary
3quy-assembly1,A,1,179,primary
6qip-assembly1,B,1,172,primary
6xng-assembly1,A,1,176,primary
6ilm-assembly1,E-45,2,171,primary
7m72-assembly1,A,1,179,primary
6bnl-assembly1,A,1,179,primary
6c6a-assembly1,A,2,178,primary
6miy-assembly1,A,1,179,primary
4wo4-assembly1,A,3,172,primary
3jvg-assembly1,A,1,169,primary
1je6-assembly1,A,3,176,primary
8tm0-assembly1,C,1,161,primary
5whk-assembly1,A,2,158,primary
6a97-assembly1,A,2,171,primary
6v7y-assembly1,A,6,179,primary
6mji-assembly1,A,1,179,primary
6cyw-assembly1,A,1,179,primary
6cw9-assembly1,A,1,175,primary
4y16-assembly1,A,1,179,primary
3m17-assembly1,A,2,168,primary
8tm2-assembly1,C,1,164,primary
6mja-assembly1,A,1,179,primary
5bxf-assembly1,A,2,170,primary
8sos-assembly1,E-2,3,179,primary
3arb-assembly1,A,1,173,primary
4y2d-assembly1,A,1,179,primary
3ard-assembly1,A,1,178,primary
4k71-assembly1,B,2,171,primary
3sdx-assembly1,A,1,176,primary
1onq-assembly1,A,2,173,primary
1exu-assembly1,A,3,163,primary
6la7-assembly1,E-3,2,170,primary
7mxf-assembly1,A,1,178,primary
4irs-assembly1,A,1,179,primary
8tlz-assembly1,A,1,162,primary
3m1b-assembly1,A,2,167,primary
3jtc-assembly1,A,1,171,primary
3gmo-assembly1,A,2,178,primary
3gmn-assembly1,A,2,178,primary
7mx4-assembly1,A,1,178,primary
4mx7-assembly1,A,1,178,primary
6ojp-assembly1,A,1,172,primary
6omg-assembly1,A,1,176,primary
7c9v-assembly1,E-14,2,170,primary
5vcj-assembly1,A,1,174,primary
6cxa-assembly1,A,1,178,primary
1kcg-assembly1,C,1,170,primary
3gmq-assembly1,A,1,178,primary
4s0u-assembly1,C,1,174,primary
3sda-assembly1,A,3,175,primary
3rug-assembly1,A,2,174,primary
2q7y-assembly1,A,1,178,primary
5fkp-assembly1,A,1,172,primary
3au1-assembly1,A,1,178,primary
3tvm-assembly1,A,1,179,primary
1b3j-assembly1,A,1,165,primary
4y4k-assembly1,A,1,179,primary
3qi9-assembly1,A,3,179,primary
3u0p-assembly1,A,1,177,primary
6c69-assembly1,A,1,172,primary
3gml-assembly1,A,2,178,primary
6cwb-assembly1,A,1,178,primary
6cxe-assembly1,A,2,175,primary
3rzc-assembly1,A,1,179,primary
6bmh-assembly1,A,1,178,primary
1xz0-assembly1,A,1,176,primary
4ww2-assembly1,C,6,177,primary
3ubx-assembly1,A,2,176,primary
6v7z-assembly1,A,3,179,primary
1lqv-assembly1,A,1,169,primary
6cwe-assembly1,A,2,178,primary
8dv4-assembly1,A,1,177,primary
4ei5-assembly1,A,1,175,primary
4lhu-assembly1,A,4,176,primary
3sdd-assembly1,A,3,175,primary
8sgm-assembly1,A,3,176,primary
3huj-assembly1,A,1,173,primary
6sny-assembly1,B,2,167,primary
6mss-assembly1,C,2,177,primary
8dv3-assembly1,A,6,179,primary
6cx9-assembly1,A,1,178,primary
2gaz-assembly1,A,1,171,primary
3gmp-assembly1,A,2,178,primary
4y4h-assembly1,A,2,178,primary
3d2u-assembly1,A,1,181,primary
3o8x-assembly1,A,2,178,primary
3vwk-assembly1,A,2,171,primary
5efi-assembly1,A,1,172,primary
6mj6-assembly1,A,1,179,primary
6mjq-assembly1,A,1,179,primary
4irj-assembly1,A,1,175,primary
7ryo-assembly1,A,2,176,primary
3gmr-assembly1,A,1,175,primary
6mjj-assembly1,A,1,178,primary
3tzv-assembly1,C,2,175,primary
1l8j-assembly1,A,3,168,primary
7fi9-assembly1,C,3,161,primary
6cx7-assembly1,A,1,178,primary
6cxf-assembly1,A,1,178,primary
7ryn-assembly1,A,3,173,primary
8gle-assembly1,A,6,179,primary
4mng-assembly1,A,1,177,primary
3ma7-assembly1,C,1,172,primary
3scm-assembly1,A,2,175,primary
7mxh-assembly1,A,4,179,primary
3gmm-assembly1,A,2,178,primary
4f7c-assembly1,A,2,168,primary
6c6c-assembly1,A,2,175,primary
5tw5-assembly1,A,2,178,primary
6oor-assembly1,A,1,175,primary
7fi6-assembly1,C,1,165,primary
8glf-assembly1,A,6,179,primary
6miv-assembly1,A,1,178,primary
4y4f-assembly1,A,1,175,primary
3ilq-assembly1,C,2,171,primary
3tn0-assembly1,A,2,174,primary
2akr-assembly1,A,2,178,primary
3o9w-assembly1,A,1,176,primary
5l2j-assembly1,A,6,179,primary
3g08-assembly1,A,1,172,primary
4en3-assembly1,C,2,174,primary
6c6h-assembly1,A,1,175,primary
3are-assembly1,A,2,176,primary
7kp1-assembly1,A,3,171,primary
6mj4-assembly1,A,1,178,primary
1z5l-assembly1,A,2,171,primary
3quz-assembly1,A,1,178,primary
4zak-assembly1,A,1,178,primary
7oks-assembly1,A,1,166,primary
3arf-assembly1,A,2,177,primary
8sgb-assembly1,A,3,177,primary
1cd1-assembly1,A,1,178,primary
6nux-assembly1,A,2,167,primary
1gzp-assembly1,A,6,179,primary
1hyr-assembly1,C,2,176,primary
8glh-assembly1,A,3,179,primary
2fik-assembly1,A,2,167,primary
7fi5-assembly1,C,1,162,primary
7kp0-assembly1,A,1,171,primary
5c9j-assembly1,A,1,174,primary
4x6d-assembly1,A,2,171,primary
4v3e-assembly1,B,2,166,primary
3qux-assembly1,A,2,174,primary
6c6f-assembly1,A,1,174,primary
6c6j-assembly1,A,1,176,primary
5wl1-assembly1,A,6,179,primary
3rtq-assembly1,A,1,178,primary
3ov6-assembly1,A,106,279,primary
3t1f-assembly1,A,1,170,primary
3ta3-assembly1,A,2,174,primary
7oku-assembly1,A,3,171,primary
5tw2-assembly1,A,2,176,primary
6cw6-assembly1,A,1,178,primary
7rym-assembly1,A,2,171,primary
8gli-assembly1,A,6,179,primary
4elm-assembly1,A,2,176,primary
3t8x-assembly1,A,3,179,primary
6cx5-assembly1,A,1,176,primary
6c6e-assembly1,A,2,178,primary
4apq-assembly1,A,2,179,primary
6d64-assembly1,A,6,179,primary
7sh4-assembly1,A,1,169,primary
4v3d-assembly1,D,1,167,primary
6bmk-assembly1,A,2,177,primary
6c5m-assembly1,A,2,176,primary
6c09-assembly1,A,2,173,primary
8glg-assembly1,A,3,178,primary
2po6-assembly1,A,3,176,primary
4x6e-assembly1,A,2,164,primary
7okv-assembly1,A,2,165,primary
4ono-assembly1,A,106,277,primary
7fi7-assembly1,C,3,165,primary
6cug-assembly1,A,4,180,primary
1gzq-assembly1,A,4,180,primary
7q5d-assembly1,A,2,171,primary
2h26-assembly1,A,6,179,primary
1zhn-assembly1,A,1,172,primary
3to4-assembly1,A,2,171,primary
4wwk-assembly1,C,2,171,primary
5l2k-assembly1,A,6,179,primary
7okt-assembly1,A,2,162,primary
3sdc-assembly1,A,2,174,primary
8gm8-assembly1,A,1,172,primary
3vwj-assembly1,A,2,169,primary
5j1a-assembly1,A,2,168,primary
5wke-assembly1,A,6,179,primary
6bnk-assembly1,A,2,177,primary
5wkg-assembly1,A,6,179,primary
1zt4-assembly1,A,4,176,primary
6v80-assembly1,A,1,177,primary
3arg-assembly1,A,2,172,primary
8t4z-assembly1,A,3,175,primary
4mq7-assembly1,A,1,168,primary
3ilp-assembly1,A,2,172,primary
3he6-assembly1,A,1,168,primary
3he7-assembly1,A,2,167,primary
7fi8-assembly1,C,3,164,primary
4f7e-assembly1,A,2,172,primary
5wki-assembly1,A,1,175,primary
8zox-assembly1,A,3,176,primary
7koz-assembly1,A,1,170,primary
8c44-assembly1,C,2,164,primary
7b5f-assembly1,G,2,132,primary
1uqs-assembly1,A,7,180,primary
3l9r-assembly1,A,4,179,primary
4x6f-assembly1,A,2,163,primary
3dbx-assembly1,A,6,179,primary
4x6c-assembly1,A,2,165,primary
4ffe-assembly1,X,1,148,primary
6c15-assembly1,A,3,169,primary
7xxa-assembly1,E-29,2,144,primary
3s6c-assembly1,A,103,269,primary
4pdc-assembly1,E,1,148,primary
3it8-assembly1,D,2,177,primary
1jfm-assembly1,A,1,174,primary
1pqz-assembly1,A,6,133,primary
4g59-assembly1,A,2,153,primary
2o5n-assembly1,B,16,169,primary
1u58-assembly1,A,4,116,primary
4pp8-assembly1,C,1,145,primary
2nyk-assembly1,A,13,140,primary
4jo8-assembly1,A-2,10,150,primary
